abbreviation,equation,direction,officialName,geneAssociation,subsystem,reaction_ID,Enzyme,Genes
Glucokinase/hexokinase,ATP + D-Glucose <=> ADP + D-Glucose 6-phosphate,Forward,"2.7.1.1, 2.7.1.2",K00844,Glycolysis,R00299,HK,HK
Glucokinase/hexokinase,ATP + D-Glucose <=> ADP + D-Glucose 6-phosphate,Forward,"2.7.1.1, 2.7.1.2",K00845,Glycolysis,R00299,Glk,glk
Glucokinase/hexokinase,ATP + D-Glucose <=> ADP + D-Glucose 6-phosphate,Forward,"2.7.1.1, 2.7.1.2",K12407,Glycolysis,R00299,GCK,GCK
Glucose-6-phosphate isomerase,D-Glucose 6-phosphate <=> D-Fructose 6-phosphate,Bidirectional,5.3.1.9,K01810,Glycolysis,R00771,GPI,GPI
Glucose-6-phosphate isomerase,D-Glucose 6-phosphate <=> D-Fructose 6-phosphate,Bidirectional,5.3.1.9,K06859,Glycolysis,R00771,Pgi1,pgi1
Glucose-6-phosphate isomerase,D-Glucose 6-phosphate <=> D-Fructose 6-phosphate,Bidirectional,5.3.1.9,K13810,Glycolysis,R00771,Tal-pgi,tal-pgi
Glucose-6-phosphate isomerase,D-Glucose 6-phosphate <=> D-Fructose 6-phosphate,Bidirectional,5.3.1.9,K15916 ,Glycolysis,R00771,Pgi-pmi,pgi-pmi
6-phosphofructokinase,"ATP + D-Fructose 6-phosphate <=> ADP + D-Fructose 1,6-bisphosphate",Forward,2.7.1.11,K00850,Glycolysis,R00756,PfkA,pfkA
6-phosphofructokinase,"ATP + D-Fructose 6-phosphate <=> ADP + D-Fructose 1,6-bisphosphate",Forward,2.7.1.11,K16370,Glycolysis,R00756,PfkB,pfkB
6-phosphofructokinase,"ATP + D-Fructose 6-phosphate <=> ADP + D-Fructose 1,6-bisphosphate",Forward,2.7.1.11,K21071,Glycolysis,R00756,Pfk,pfk
6-phosphofructokinase,"ATP + D-Fructose 6-phosphate <=> ADP + D-Fructose 1,6-bisphosphate",Forward,2.7.1.11,K24182,Glycolysis,R00756,PFK9,PFK9
Fructose-bisphosphate aldolase,"D-Fructose 1,6-bisphosphate <=> Glycerone phosphate + D-Glyceraldehyde 3-phosphate",Bidirectional,4.1.2.13,K01623,Glycolysis,R01068,ADLO,ADLO
Fructose-bisphosphate aldolase,"D-Fructose 1,6-bisphosphate <=> Glycerone phosphate + D-Glyceraldehyde 3-phosphate",Bidirectional,4.1.2.13,K01624,Glycolysis,R01068,FBA,FBA
Fructose-bisphosphate aldolase,"D-Fructose 1,6-bisphosphate <=> Glycerone phosphate + D-Glyceraldehyde 3-phosphate",Bidirectional,4.1.2.13,K01622,Glycolysis,R01068,K01622,K01622
Fructose-bisphosphate aldolase,"D-Fructose 1,6-bisphosphate <=> Glycerone phosphate + D-Glyceraldehyde 3-phosphate",Bidirectional,4.1.2.13,K11645,Glycolysis,R01068,FbaB,fbaB
Fructose-bisphosphate aldolase,"D-Fructose 1,6-bisphosphate <=> Glycerone phosphate + D-Glyceraldehyde 3-phosphate",Bidirectional,4.1.2.13,K16305,Glycolysis,R01068,K16305,K16305
Fructose-bisphosphate aldolase,"D-Fructose 1,6-bisphosphate <=> Glycerone phosphate + D-Glyceraldehyde 3-phosphate",Bidirectional,4.1.2.13,K16306,Glycolysis,R01068,K16306,K16306
Triose-phosphate isomerase,D-Glyceraldehyde 3-phosphate <=> Glycerone phosphate,Bidirectional,5.3.1.1,K01803,Glycolysis,R01015,TPI,TPI
Glyceraldehyde-3-phosphate dehydrogenase (phosphorylating),D-Glyceraldehyde 3-phosphate + Orthophosphate + NAD+ <=> 3-Phospho-D-glyceroyl phosphate + NADH + H+,Bidirectional,"1.2.1.12, 1.2.1.59",K00134,Glycolysis,R01061,GAPDH,GAPDH
Glyceraldehyde-3-phosphate dehydrogenase (phosphorylating),D-Glyceraldehyde 3-phosphate + Orthophosphate + NAD+ <=> 3-Phospho-D-glyceroyl phosphate + NADH + H+,Bidirectional,"1.2.1.12, 1.2.1.59",K10705,Glycolysis,R01061,GAPDHS,GAPDHS
Glyceraldehyde-3-phosphate dehydrogenase (phosphorylating),D-Glyceraldehyde 3-phosphate + Orthophosphate + NAD+ <=> 3-Phospho-D-glyceroyl phosphate + NADH + H+,Bidirectional,"1.2.1.12, 1.2.1.59",K00150,Glycolysis,R01061,Gap2,gap2
Phosphoglycerate kinase,ATP + 3-Phospho-D-glycerate <=> ADP + 3-Phospho-D-glyceroyl phosphate,Bidirectional,2.7.2.3,K00927,Glycolysis,R01512,PGK,PGK
Phosphoglycerate mutase,2-Phospho-D-glycerate <=> 3-Phospho-D-glycerate,Bidirectional,"5.4.2.11, 5.4.2.12",K01834,Glycolysis,R01518,PGAM,PGAM
Phosphoglycerate mutase,2-Phospho-D-glycerate <=> 3-Phospho-D-glycerate,Bidirectional,"5.4.2.11, 5.4.2.12",K01837,Glycolysis,R01518,BPGM,BPGM
Phosphoglycerate mutase,2-Phospho-D-glycerate <=> 3-Phospho-D-glycerate,Bidirectional,"5.4.2.11, 5.4.2.12",K15633,Glycolysis,R01518,GpmI,gpmI
Phosphoglycerate mutase,2-Phospho-D-glycerate <=> 3-Phospho-D-glycerate,Bidirectional,"5.4.2.11, 5.4.2.12",K15634,Glycolysis,R01518,GpmB,gpmB
Phosphoglycerate mutase,2-Phospho-D-glycerate <=> 3-Phospho-D-glycerate,Bidirectional,"5.4.2.11, 5.4.2.12",K15635,Glycolysis,R01518,ApgM,apgM
Phosphopyruvate hydratase,2-Phospho-D-glycerate <=> Phosphoenolpyruvate + H2O,Bidirectional,4.2.1.11,K01689,Glycolysis,R00658,ENO,ENO
Pyruvate kinase,ATP + Pyruvate <=> ADP + Phosphoenolpyruvate,Reverse,2.7.1.40,K00873,Glycolysis,R00200,PK,PK
Pyruvate kinase,ATP + Pyruvate <=> ADP + Phosphoenolpyruvate,Reverse,2.7.1.40,K12406,Glycolysis,R00200,PKLR,PKLR
Polyphosphate—glucose phosphotransferase,Polyphosphate + beta-D-Glucose <=> Polyphosphate + beta-D-Glucose 6-phosphate,Forward,2.7.1.63,K00886,Glycolysis,R02187,PpgK,ppgK
Polyphosphate kinase,ATP + Polyphosphate <=> ADP + Polyphosphate,Bidirectional,2.7.4.1,K00937,Glycolysis,R02184,Ppk,ppk
Phosphoenolpyruvate—protein phosphotransferase,Phosphoenolpyruvate + Protein histidine <=> Pyruvate + Protein N(pi)-phospho-L-histidine,Forward,2.7.3.9,"K08483, K02784",Glycolysis,R02628,"PtsI, PtsH","ptsI, ptsH"
Protein-Npi-phosphohistidine—D-glucose phosphotransferase,Protein N(pi)-phospho-L-histidine + D-Glucose <=> Protein histidine + alpha-D-Glucose 6-phosphate,Forward,2.7.1.199,"K02777, K02779",Glycolysis,R02738,"Crr, PtsG","crr, ptsG"
Protein-Npi-phosphohistidine—D-glucose phosphotransferase,Protein N(pi)-phospho-L-histidine + D-Glucose <=> Protein histidine + alpha-D-Glucose 6-phosphate,Forward,2.7.1.199,K20118,Glycolysis,R02738,"PtsG, GlcA, GlcB","ptsG, glcA, glcB"
Phosphoenolpyruvate—protein phosphotransferase,Phosphoenolpyruvate + Protein histidine <=> Pyruvate + Protein N(pi)-phospho-L-histidine,Forward,2.7.3.9,"K08483, K02784",Glycolysis,R02628,"PtsI, PtsH","ptsI, ptsH"
Protein-Npi-phosphohistidine—D-glucose phosphotransferase,Protein N(pi)-phospho-L-histidine + D-Glucose <=> Protein histidine + alpha-D-Glucose 6-phosphate,Forward,2.7.1.199,"K02793, K02795, K02796",Glycolysis,R02738,ManXYZ,"manXa, manY, manZ"
Phosphoenolpyruvate—protein phosphotransferase,Phosphoenolpyruvate + Protein histidine <=> Pyruvate + Protein N(pi)-phospho-L-histidine,Forward,2.7.3.9,"K08483, K02784",Glycolysis,R02628,"PtsI, PtsH","ptsI, ptsH"
Protein-Npi-phosphohistidine—D-glucose phosphotransferase,Protein N(pi)-phospho-L-histidine + D-Glucose <=> Protein histidine + alpha-D-Glucose 6-phosphate,Forward,2.7.1.199,"K02777, K02791",Glycolysis,R02738,"Crr, MalX","crr, malX"
Glucose-6-phosphate isomerase,D-Glucose 6-phosphate <=> D-Fructose 6-phosphate,Bidirectional,5.3.1.9,K01810,Glycolysis,R00771,GPI,GPI
Glucose-6-phosphate isomerase,D-Glucose 6-phosphate <=> D-Fructose 6-phosphate,Bidirectional,5.3.1.9,K06859,Glycolysis,R00771,Pgi1,pgi1
Glucose-6-phosphate isomerase,D-Glucose 6-phosphate <=> D-Fructose 6-phosphate,Bidirectional,5.3.1.9,K13810,Glycolysis,R00771,Tal-pgi,tal-pgi
Glucose-6-phosphate isomerase,D-Glucose 6-phosphate <=> D-Fructose 6-phosphate,Bidirectional,5.3.1.9,K15916 ,Glycolysis,R00771,Pgi-pmi,pgi-pmi
Diphosphate—fructose-6-phosphate 1-phosphotransferase,"Diphosphate + D-Fructose 6-phosphate <=> Orthophosphate + D-Fructose 1,6-bisphosphate",Forward,2.7.1.90,K00895,Glycolysis,R00764,Pfp,pfp
Diphosphate—fructose-6-phosphate 1-phosphotransferase,"Diphosphate + D-Fructose 6-phosphate <=> Orthophosphate + D-Fructose 1,6-bisphosphate",Forward,2.7.1.90,K21071,Glycolysis,R00764,Pfk,pfk
Fructose-bisphosphate aldolase,"D-Fructose 1,6-bisphosphate <=> Glycerone phosphate + D-Glyceraldehyde 3-phosphate",Bidirectional,4.1.2.13,K01623,Glycolysis,R01068,ADLO,ADLO
Fructose-bisphosphate aldolase,"D-Fructose 1,6-bisphosphate <=> Glycerone phosphate + D-Glyceraldehyde 3-phosphate",Bidirectional,4.1.2.13,K01624,Glycolysis,R01068,FBA,FBA
Fructose-bisphosphate aldolase,"D-Fructose 1,6-bisphosphate <=> Glycerone phosphate + D-Glyceraldehyde 3-phosphate",Bidirectional,4.1.2.13,K01622,Glycolysis,R01068,K01622,K01622
Fructose-bisphosphate aldolase,"D-Fructose 1,6-bisphosphate <=> Glycerone phosphate + D-Glyceraldehyde 3-phosphate",Bidirectional,4.1.2.13,K11645,Glycolysis,R01068,FbaB,fbaB
Fructose-bisphosphate aldolase,"D-Fructose 1,6-bisphosphate <=> Glycerone phosphate + D-Glyceraldehyde 3-phosphate",Bidirectional,4.1.2.13,K16305,Glycolysis,R01068,K16305,K16305
Fructose-bisphosphate aldolase,"D-Fructose 1,6-bisphosphate <=> Glycerone phosphate + D-Glyceraldehyde 3-phosphate",Bidirectional,4.1.2.13,K16306,Glycolysis,R01068,K16306,K16306
Triose-phosphate isomerase,D-Glyceraldehyde 3-phosphate <=> Glycerone phosphate,Bidirectional,5.3.1.1,K01803,Glycolysis,R01015,TPI,TPI
Glyceraldehyde-3-phosphate dehydrogenase (ferredoxin),D-Glyceraldehyde 3-phosphate + H2O + 2 Oxidized ferredoxin <=> 3-Phospho-D-glycerate + 2 H+ + 2 Reduced ferredoxin,Bidirectional,1.2.7.6,K11389,Glycolysis,R07159,Gapor,gapor
Phosphoglycerate mutase,2-Phospho-D-glycerate <=> 3-Phospho-D-glycerate,Bidirectional,"5.4.2.11, 5.4.2.12",K01834,Glycolysis,R01518,PGAM,PGAM
Phosphoglycerate mutase,2-Phospho-D-glycerate <=> 3-Phospho-D-glycerate,Bidirectional,"5.4.2.11, 5.4.2.12",K01837,Glycolysis,R01518,BPGM,BPGM
Phosphoglycerate mutase,2-Phospho-D-glycerate <=> 3-Phospho-D-glycerate,Bidirectional,"5.4.2.11, 5.4.2.12",K15633,Glycolysis,R01518,GpmI,gpmI
Phosphoglycerate mutase,2-Phospho-D-glycerate <=> 3-Phospho-D-glycerate,Bidirectional,"5.4.2.11, 5.4.2.12",K15634,Glycolysis,R01518,GpmB,gpmB
Phosphoglycerate mutase,2-Phospho-D-glycerate <=> 3-Phospho-D-glycerate,Bidirectional,"5.4.2.11, 5.4.2.12",K15635,Glycolysis,R01518,ApgM,apgM
Phosphopyruvate hydratase,2-Phospho-D-glycerate <=> Phosphoenolpyruvate + H2O,Bidirectional,4.2.1.11,K01689,Glycolysis,R00658,ENO,ENO
"Pyruvate, phosphate dikinase",ATP + Pyruvate + Orthophosphate <=> AMP + Phosphoenolpyruvate + Diphosphate,Reverse,2.7.9.1,K01006,Glycolysis,R00206,PpdK,ppdK
Phosphoenolpyruvate—protein phosphotransferase,Phosphoenolpyruvate + Protein histidine <=> Pyruvate + Protein N(pi)-phospho-L-histidine,Forward,2.7.3.9,"K08483, K02784",Glycolysis,R02628,"PtsI, PtsH","ptsI, ptsH"
Protein-Npi-phosphohistidine—D-glucose phosphotransferase,Protein N(pi)-phospho-L-histidine + D-Glucose <=> Protein histidine + alpha-D-Glucose 6-phosphate,Forward,2.7.1.199,"K02777, K02779",Glycolysis,R02738,"Crr, PtsG","crr, ptsG"
Protein-Npi-phosphohistidine—D-glucose phosphotransferase,Protein N(pi)-phospho-L-histidine + D-Glucose <=> Protein histidine + alpha-D-Glucose 6-phosphate,Forward,2.7.1.199,K20118,Glycolysis,R02738,"PtsG, GlcA, GlcB","ptsG, glcA, glcB"
Phosphoenolpyruvate—protein phosphotransferase,Phosphoenolpyruvate + Protein histidine <=> Pyruvate + Protein N(pi)-phospho-L-histidine,Forward,2.7.3.9,"K08483, K02784",Glycolysis,R02628,"PtsI, PtsH","ptsI, ptsH"
Protein-Npi-phosphohistidine—D-glucose phosphotransferase,Protein N(pi)-phospho-L-histidine + D-Glucose <=> Protein histidine + alpha-D-Glucose 6-phosphate,Forward,2.7.1.199,"K02793, K02795, K02796",Glycolysis,R02738,ManXYZ,"manXa, manY, manZ"
Phosphoenolpyruvate—protein phosphotransferase,Phosphoenolpyruvate + Protein histidine <=> Pyruvate + Protein N(pi)-phospho-L-histidine,Forward,2.7.3.9,"K08483, K02784",Glycolysis,R02628,"PtsI, PtsH","ptsI, ptsH"
Protein-Npi-phosphohistidine—D-glucose phosphotransferase,Protein N(pi)-phospho-L-histidine + D-Glucose <=> Protein histidine + alpha-D-Glucose 6-phosphate,Forward,2.7.1.199,"K02777, K02791",Glycolysis,R02738,"Crr, MalX","crr, malX"
Glucose-6-phosphate dehydrogenase [NAD(P)+],"D-Glucose 6-phosphate + NADP+ <=> D-Glucono-1,5-lactone 6-phosphate + NADPH + H+",Forward,"1.1.1.49, 1.1.1.363, 1.1.1.388",K00036,Pentose phosphate,R00835,G6PD,G6PD
6-phosphogluconolactonase,"D-Glucono-1,5-lactone 6-phosphate + H2O <=> 6-Phospho-D-gluconate",Bidirectional,3.1.1.31,K01057,Pentose phosphate,R02035,PGLS,PGLS
6-phosphogluconolactonase,"D-Glucono-1,5-lactone 6-phosphate + H2O <=> 6-Phospho-D-gluconate",Bidirectional,3.1.1.31,K07404,Pentose phosphate,R02035,Pgl,pgl
"Phosphogluconate dehydrogenase [NAD(P)+-dependent, decarboxylating]",6-Phospho-D-gluconate + NADP+ <=> D-Ribulose 5-phosphate + CO2 + NADPH + H+,Bidirectional,"1.1.1.44, 1.1.1.343",K00033,Pentose phosphate,R01528,PGD,PGD
Ribulose-phosphate 3-epimerase,D-Ribulose 5-phosphate <=> D-Xylulose 5-phosphate,Bidirectional,5.1.3.1,K01783,Pentose phosphate,R01529,Rpe,rpe
Ribose-5-phosphate isomerase,D-Ribose 5-phosphate <=> D-Ribulose 5-phosphate,Bidirectional,5.3.1.6,K01807,Pentose phosphate,R01056,RpiA,rpiA
Ribose-5-phosphate isomerase,D-Ribose 5-phosphate <=> D-Ribulose 5-phosphate,Bidirectional,5.3.1.6,K01808,Pentose phosphate,R01056,RpiB,RpiB
Transketolase,Sedoheptulose 7-phosphate + D-Glyceraldehyde 3-phosphate <=> D-Ribose 5-phosphate + D-Xylulose 5-phosphate,Bidirectional,2.2.1.1,K00615,Pentose phosphate,R01641,E2.2.1.1,E2.2.1.1
Transaldolase,Sedoheptulose 7-phosphate + D-Glyceraldehyde 3-phosphate <=> D-Erythrose 4-phosphate + beta-D-Fructose 6-phosphate,Bidirectional,2.2.1.2,K00616,Pentose phosphate,R01827,E2.2.1.2,E2.2.1.2
Transketolase,D-Fructose 6-phosphate + D-Glyceraldehyde 3-phosphate <=> D-Erythrose 4-phosphate + D-Xylulose 5-phosphate,Bidirectional,2.2.1.1,K00615,Pentose phosphate,R01067,E2.2.1.1,E2.2.1.1
Glucose-6-phosphate isomerase,D-Glucose 6-phosphate <=> D-Fructose 6-phosphate,Bidirectional,5.3.1.9,K01810,Glycolysis,R00771,GPI,GPI
Glucose-6-phosphate isomerase,D-Glucose 6-phosphate <=> D-Fructose 6-phosphate,Bidirectional,5.3.1.9,K06859,Glycolysis,R00771,Pgi1,pgi1
Glucose-6-phosphate isomerase,D-Glucose 6-phosphate <=> D-Fructose 6-phosphate,Bidirectional,5.3.1.9,K13810,Glycolysis,R00771,Tal-pgi,tal-pgi
Glucose-6-phosphate isomerase,D-Glucose 6-phosphate <=> D-Fructose 6-phosphate,Bidirectional,5.3.1.9,K15916 ,Glycolysis,R00771,Pgi-pmi,pgi-pmi
Glucose-6-phosphate isomerase,D-Glucose 6-phosphate <=> D-Fructose 6-phosphate,Bidirectional,5.3.1.9,K01810,Glycolysis,R00771,GPI,GPI
Glucose-6-phosphate isomerase,D-Glucose 6-phosphate <=> D-Fructose 6-phosphate,Bidirectional,5.3.1.9,K06859,Glycolysis,R00771,Pgi1,pgi1
Glucose-6-phosphate isomerase,D-Glucose 6-phosphate <=> D-Fructose 6-phosphate,Bidirectional,5.3.1.9,K13810,Glycolysis,R00771,Tal-pgi,tal-pgi
Glucose-6-phosphate isomerase,D-Glucose 6-phosphate <=> D-Fructose 6-phosphate,Bidirectional,5.3.1.9,K15916 ,Glycolysis,R00771,Pgi-pmi,pgi-pmi
Fructose-6-phosphate phosphoketolase,D-Fructose 6-phosphate + Orthophosphate <=> Acetyl phosphate + D-Erythrose 4-phosphate + H2O,Forward,4.1.2.22,K01621,Pentose phosphate,R00761,Xfp,xfp
Transaldolase,Sedoheptulose 7-phosphate + D-Glyceraldehyde 3-phosphate <=> D-Erythrose 4-phosphate + beta-D-Fructose 6-phosphate,Bidirectional,2.2.1.2,K00616,Pentose phosphate,R01827,E2.2.1.2,E2.2.1.2
Transketolase,Sedoheptulose 7-phosphate + D-Glyceraldehyde 3-phosphate <=> D-Ribose 5-phosphate + D-Xylulose 5-phosphate,Bidirectional,2.2.1.1,K00615,Pentose phosphate,R01641,E2.2.1.1,E2.2.1.1
Ribose-5-phosphate isomerase,D-Ribose 5-phosphate <=> D-Ribulose 5-phosphate,Bidirectional,5.3.1.6,K01807,Pentose phosphate,R01056,RpiA,rpiA
Ribose-5-phosphate isomerase,D-Ribose 5-phosphate <=> D-Ribulose 5-phosphate,Bidirectional,5.3.1.6,K01808,Pentose phosphate,R01056,RpiB,RpiB
Ribulose-phosphate 3-epimerase,D-Ribulose 5-phosphate <=> D-Xylulose 5-phosphate,Bidirectional,5.1.3.1,K01783,Pentose phosphate,R01529,Rpe,rpe
Phosphoketolase,D-Xylulose 5-phosphate + Orthophosphate <=> Acetyl phosphate + D-Glyceraldehyde 3-phosphate + H2O,Forward,4.1.2.9,K01621,Pentose phosphate,R01621,Xfp,xfp
Glucose-6-phosphate dehydrogenase [NAD(P)+],"D-Glucose 6-phosphate + NADP+ <=> D-Glucono-1,5-lactone 6-phosphate + NADPH + H+",Forward,"1.1.1.49, 1.1.1.363, 1.1.1.388",K00036,Pentose phosphate,R00835,G6PD,G6PD
6-phosphogluconolactonase,"D-Glucono-1,5-lactone 6-phosphate + H2O <=> 6-Phospho-D-gluconate",Bidirectional,3.1.1.31,K01057,Pentose phosphate,R02035,PGLS,PGLS
6-phosphogluconolactonase,"D-Glucono-1,5-lactone 6-phosphate + H2O <=> 6-Phospho-D-gluconate",Bidirectional,3.1.1.31,K07404,Pentose phosphate,R02035,Pgl,pgl
"Phosphogluconate dehydrogenase [NAD(P)+-dependent, decarboxylating]",6-Phospho-D-gluconate + NADP+ <=> D-Ribulose 5-phosphate + CO2 + NADPH + H+,Bidirectional,"1.1.1.44, 1.1.1.343",K00033,Pentose phosphate,R01528,PGD,PGD
Ribulose-phosphate 3-epimerase,D-Ribulose 5-phosphate <=> D-Xylulose 5-phosphate,Bidirectional,5.1.3.1,K01783,Pentose phosphate,R01529,Rpe,rpe
Phosphoketolase,D-Xylulose 5-phosphate + Orthophosphate <=> Acetyl phosphate + D-Glyceraldehyde 3-phosphate + H2O,Forward,4.1.2.9,K01621,Pentose phosphate,R01621,Xfp,xfp
Glucose 1-dehydrogenase [NAD(P)+],"beta-D-Glucose + NAD+ <=> D-Glucono-1,5-lactone + NADH + H+",Forward,"1.1.1.47, 1.1.1.359",K00034,Pentose phosphate,R01520,Gdh,gdh
Glucose 1-dehydrogenase [NAD(P)+],"D-Glucose + NAD+ <=> D-Glucono-1,5-lactone + NADH + H+",Forward,"1.1.1.47, 1.1.1.359",K18125,Pentose phosphate,R08544,Ssgdh,ssgdh
Gluconolactonase,"D-Glucono-1,5-lactone + H2O <=> D-Gluconic acid",Bidirectional,3.1.1.17,K01053,Pentose phosphate,R01519,E3.1.1.17,E3.1.1.17
Gluconate/galactonate dehydratase,D-Gluconic acid <=> 2-Dehydro-3-deoxy-D-gluconate + H2O,Bidirectional,4.2.1.140,K05308,Pentose phosphate,R01538,GnaD,gnaD
2-dehydro-3-deoxygluconokinase,ATP + 2-Dehydro-3-deoxy-D-gluconate <=> ADP + 2-Dehydro-3-deoxy-6-phospho-D-gluconate,Bidirectional,2.7.1.45,K00874,Pentose phosphate,R01541,KdgK,kdgK
2-dehydro-3-deoxy-phosphogluconate aldolase,2-Dehydro-3-deoxy-6-phospho-D-gluconate <=> D-Glyceraldehyde 3-phosphate + Pyruvate,Bidirectional,"4.1.2.14, 4.1.2.55",K01625,Pentose phosphate,R05605,Eda,eda
2-dehydro-3-deoxy-phosphogluconate aldolase,2-Dehydro-3-deoxy-6-phospho-D-gluconate <=> D-Glyceraldehyde 3-phosphate + Pyruvate,Bidirectional,"4.1.2.14, 4.1.2.55",K17463,Pentose phosphate,R05605,DgaF,dgaF
2-dehydro-3-deoxy-phosphogluconate aldolase,2-Dehydro-3-deoxy-6-phospho-D-gluconate <=> D-Glyceraldehyde 3-phosphate + Pyruvate,Bidirectional,"4.1.2.14, 4.1.2.55",K11395,Pentose phosphate,R05605,KdpgA,kdpgA
Glucose 1-dehydrogenase [NAD(P)+],"beta-D-Glucose + NAD+ <=> D-Glucono-1,5-lactone + NADH + H+",Forward,"1.1.1.47, 1.1.1.359",K00034,Pentose phosphate,R01520,Gdh,gdh
Glucose 1-dehydrogenase [NAD(P)+],"D-Glucose + NAD+ <=> D-Glucono-1,5-lactone + NADH + H+",Forward,"1.1.1.47, 1.1.1.359",K18125,Pentose phosphate,R08544,Ssgdh,ssgdh
Gluconolactonase,"D-Glucono-1,5-lactone + H2O <=> D-Gluconic acid",Bidirectional,3.1.1.17,K01053,Pentose phosphate,R01519,E3.1.1.17,E3.1.1.17
Gluconate 2-dehydrogenase,D-Gluconic acid + NADP+ <=> 2-Keto-D-gluconic acid + NADPH + H+,Bidirectional,1.1.1.215,K00090,Pentose phosphate,R01739,E1.1.1.215,E1.1.1.215
Dehydrogluconokinase,ATP + 2-Keto-D-gluconic acid <=> ADP + 6-Phospho-2-dehydro-D-gluconate,Bidirectional,2.7.1.13,K11441,Pentose phosphate,R02658,KguK,kguK
Phosphogluconate 2-dehydrogenase,6-Phospho-D-gluconate + NAD+ <=> 6-Phospho-2-dehydro-D-gluconate + NADH + H+,Bidirectional,1.1.1.43,K00032,Pentose phosphate,R02032,E1.1.1.43,E1.1.1.43
Phosphogluconate dehydratase,6-Phospho-D-gluconate <=> 2-Dehydro-3-deoxy-6-phospho-D-gluconate + H2O,Bidirectional,4.2.1.12,K01690,Pentose phosphate,R02036,Edd,edd
2-dehydro-3-deoxy-phosphogluconate aldolase,2-Dehydro-3-deoxy-6-phospho-D-gluconate <=> D-Glyceraldehyde 3-phosphate + Pyruvate,Bidirectional,"4.1.2.14, 4.1.2.55",K01625,Pentose phosphate,R05605,Eda,eda
2-dehydro-3-deoxy-phosphogluconate aldolase,2-Dehydro-3-deoxy-6-phospho-D-gluconate <=> D-Glyceraldehyde 3-phosphate + Pyruvate,Bidirectional,"4.1.2.14, 4.1.2.55",K17463,Pentose phosphate,R05605,DgaF,dgaF
2-dehydro-3-deoxy-phosphogluconate aldolase,2-Dehydro-3-deoxy-6-phospho-D-gluconate <=> D-Glyceraldehyde 3-phosphate + Pyruvate,Bidirectional,"4.1.2.14, 4.1.2.55",K11395,Pentose phosphate,R05605,KdpgA,kdpgA
Glucose-6-phosphate dehydrogenase [NAD(P)+],"D-Glucose 6-phosphate + NADP+ <=> D-Glucono-1,5-lactone 6-phosphate + NADPH + H+",Forward,"1.1.1.49, 1.1.1.363, 1.1.1.388",K00036,Pentose phosphate,R00835,G6PD,G6PD
6-phosphogluconolactonase,"D-Glucono-1,5-lactone 6-phosphate + H2O <=> 6-Phospho-D-gluconate",Bidirectional,3.1.1.31,K01057,Pentose phosphate,R02035,PGLS,PGLS
6-phosphogluconolactonase,"D-Glucono-1,5-lactone 6-phosphate + H2O <=> 6-Phospho-D-gluconate",Bidirectional,3.1.1.31,K07404,Pentose phosphate,R02035,Pgl,pgl
Phosphogluconate dehydratase,6-Phospho-D-gluconate <=> 2-Dehydro-3-deoxy-6-phospho-D-gluconate + H2O,Bidirectional,4.2.1.12,K01690,Pentose phosphate,R02036,Edd,edd
2-dehydro-3-deoxy-phosphogluconate aldolase,2-Dehydro-3-deoxy-6-phospho-D-gluconate <=> D-Glyceraldehyde 3-phosphate + Pyruvate,Bidirectional,"4.1.2.14, 4.1.2.55",K01625,Pentose phosphate,R05605,Eda,eda
2-dehydro-3-deoxy-phosphogluconate aldolase,2-Dehydro-3-deoxy-6-phospho-D-gluconate <=> D-Glyceraldehyde 3-phosphate + Pyruvate,Bidirectional,"4.1.2.14, 4.1.2.55",K17463,Pentose phosphate,R05605,DgaF,dgaF
2-dehydro-3-deoxy-phosphogluconate aldolase,2-Dehydro-3-deoxy-6-phospho-D-gluconate <=> D-Glyceraldehyde 3-phosphate + Pyruvate,Bidirectional,"4.1.2.14, 4.1.2.55",K11395,Pentose phosphate,R05605,KdpgA,kdpgA
Glucose 1-dehydrogenase [NAD(P)+],"beta-D-Glucose + NAD+ <=> D-Glucono-1,5-lactone + NADH + H+",Forward,"1.1.1.47, 1.1.1.359",K00034,Pentose phosphate,R01520,Gdh,gdh
Glucose 1-dehydrogenase [NAD(P)+],"D-Glucose + NAD+ <=> D-Glucono-1,5-lactone + NADH + H+",Forward,"1.1.1.47, 1.1.1.359",K18125,Pentose phosphate,R08544,Ssgdh,ssgdh
Gluconolactonase,"D-Glucono-1,5-lactone + H2O <=> D-Gluconic acid",Bidirectional,3.1.1.17,K01053,Pentose phosphate,R01519,E3.1.1.17,E3.1.1.17
Gluconate/galactonate dehydratase,D-Gluconic acid <=> 2-Dehydro-3-deoxy-D-gluconate + H2O,Bidirectional,4.2.1.140,K05308,Pentose phosphate,R01538,GnaD,gnaD
2-dehydro-3-deoxy-D-gluconate aldolase,2-Dehydro-3-deoxy-D-gluconate <=> D-Glyceraldehyde + Pyruvate,Bidirectional,"4.1.2.51, 4.1.2.55",K11395,Pentose phosphate,R08570,KdpgA,kdpgA
2-dehydro-3-deoxy-D-gluconate aldolase,2-Dehydro-3-deoxy-D-gluconate <=> D-Glyceraldehyde + Pyruvate,Bidirectional,"4.1.2.51, 4.1.2.55",K18127,Pentose phosphate,R08570,KdgA,kdgA
Aldehyde ferredoxin oxidoreductase,D-Glyceraldehyde + H2O + Oxidized ferredoxin <=> D-Glycerate + H+ + Reduced ferredoxin,Bidirectional,1.2.7.5,K03738,Pentose phosphate,R08571,Aor,aor
Glycerate 2-kinase,D-Glycerate + ATP <=> 2-Phospho-D-glycerate + ADP,Bidirectional,2.7.1.165,K11529,Pentose phosphate,R08572 ,Gck,gck
Triose-phosphate isomerase,D-Glyceraldehyde 3-phosphate <=> Glycerone phosphate,Bidirectional,5.3.1.1,K01803,Methylglyoxal shunt,R01015,TPI,TPI
Methylglyoxal synthase,Glycerone phosphate <=> Methylglyoxal + Orthophosphate,Forward,4.2.3.3,K01734,Methylglyoxal shunt,R01016,MgsA,mgsA
Lactoylglutathione lyase,(R)-S-Lactoylglutathione <=> Glutathione + Methylglyoxal,Bidirectional,4.4.1.5,K01759,Methylglyoxal shunt,R02530,GloA,gloA
Hydroxyacylglutathione hydrolase,(R)-S-Lactoylglutathione + H2O <=> Glutathione + (R)-Lactate,Bidirectional,3.1.2.6,K01069,Methylglyoxal shunt,R01736,E3.1.2.6,E3.1.2.6
Triose-phosphate isomerase,D-Glyceraldehyde 3-phosphate <=> Glycerone phosphate,Bidirectional,5.3.1.1,K01803,Methylglyoxal shunt,R01015,TPI,TPI
Methylglyoxal synthase,Glycerone phosphate <=> Methylglyoxal + Orthophosphate,Forward,4.2.3.3,K01734,Methylglyoxal shunt,R01016,MgsA,mgsA
Methylglyoxal reductase (NADH),(R)-Lactaldehyde + NAD+ <=> Methylglyoxal + NADH + H+,Bidirectional,1.1.1.78,K00049,Methylglyoxal shunt,R02527,GRHPR,GRHPR
Methylglyoxal reductase (NADH),(R)-Lactaldehyde + NAD+ <=> Methylglyoxal + NADH + H+,Bidirectional,1.1.1.78,K12972,Methylglyoxal shunt,R02527,GhrA,ghrA
(R)-lactaldehyde dehydrogenase,(R)-Lactaldehyde + NAD+ + H2O <=> (R)-Lactate + NADH + H+,Bidirectional,1.2.1.23,,Lactate,R01735,N/A,N/A
Triose-phosphate isomerase,D-Glyceraldehyde 3-phosphate <=> Glycerone phosphate,Bidirectional,5.3.1.1,K01803,Methylglyoxal shunt,R01015,TPI,TPI
Methylglyoxal synthase,Glycerone phosphate <=> Methylglyoxal + Orthophosphate,Forward,4.2.3.3,K01734,Methylglyoxal shunt,R01016,MgsA,mgsA
D-lactate dehydratase,(R)-Lactate <=> Methylglyoxal + H2O,Bidirectional,4.2.1.130,K05523,Lactate,R09796,HchA,hchA
Triose-phosphate isomerase,D-Glyceraldehyde 3-phosphate <=> Glycerone phosphate,Bidirectional,5.3.1.1,K01803,Methylglyoxal shunt,R01015,TPI,TPI
Methylglyoxal synthase,Glycerone phosphate <=> Methylglyoxal + Orthophosphate,Forward,4.2.3.3,K01734,Methylglyoxal shunt,R01016,MgsA,mgsA
Glycerol dehydrogenase,(S)-Lactaldehyde + NAD+ <=> Methylglyoxal + NADH + H+,Bidirectional,1.1.1.6,K00005,Methylglyoxal shunt,R10715,GldA,gldA
Lactaldehyde dehydrogenase,(S)-Lactaldehyde + NAD+ + H2O <=> (S)-Lactate + NADH + H+,Bidirectional,"1.2.1.22, 1.2.1.23",K07248,Lactate,R01446,AldA,aldA
Lactaldehyde dehydrogenase,(S)-Lactaldehyde + NAD+ + H2O <=> (S)-Lactate + NADH + H+,Bidirectional,"1.2.1.22, 1.2.1.23",K19266,Lactate,R01446,E1.2.1.22,E1.2.1.22
Triose-phosphate isomerase,D-Glyceraldehyde 3-phosphate <=> Glycerone phosphate,Bidirectional,5.3.1.1,K01803,Methylglyoxal shunt,R01015,TPI,TPI
Methylglyoxal synthase,Glycerone phosphate <=> Methylglyoxal + Orthophosphate,Forward,4.2.3.3,K01734,Methylglyoxal shunt,R01016,MgsA,mgsA
2-oxoaldehyde dehydrogenase (NAD),Methylglyoxal + NAD+ + H2O <=> Pyruvate + NADH + H+,Bidirectional,"1.2.1.21, 1.2.1.22",K07248,Methylglyoxal shunt,R00203,AldA,aldA
Malate dehydrogenase (oxaloacetate-decarboxylating),(S)-Malate + NAD+ <=> Pyruvate + CO2 + NADH + H+,Bidirectional,"1.1.1.38, 1.1.1.39",K00027,Malate shunt,R00214,ME2,ME2
Malate dehydrogenase (oxaloacetate-decarboxylating),(S)-Malate + NAD+ <=> Pyruvate + CO2 + NADH + H+,Bidirectional,"1.1.1.38, 1.1.1.39",K00028,Malate shunt,R00214,E1.1.1.39,E1.1.1.39
Malate dehydrogenase,(S)-Malate + NAD+ <=> Oxaloacetate + NADH + H+,Bidirectional,1.1.1.37,K00025,Malate shunt,R00342,MDH1,MDH1
Malate dehydrogenase,(S)-Malate + NAD+ <=> Oxaloacetate + NADH + H+,Bidirectional,1.1.1.37,K00026,Malate shunt,R00342,MDH2,MDH2
Malate dehydrogenase,(S)-Malate + NAD+ <=> Oxaloacetate + NADH + H+,Bidirectional,1.1.1.37,K00024,Malate shunt,R00342,Mdh,mdh
Oxaloacetate decarboxylase,Oxaloacetate + 2 Sodium cation <=> Pyruvate + CO2 + 2 Sodium cation,Bidirectional,7.2.4.2,"K01571, K01573",Malate shunt,R12212,OadAG,"oadA, oadG"
Oxaloacetate decarboxylase,Oxaloacetate + 2 Sodium cation <=> Pyruvate + CO2 + 2 Sodium cation,Bidirectional,7.2.4.2,K20509,Malate shunt,R12212,MadB,madB
Malate dehydrogenase,(S)-Malate + NAD+ <=> Oxaloacetate + NADH + H+,Bidirectional,1.1.1.37,K00025,Malate shunt,R00342,MDH1,MDH1
Malate dehydrogenase,(S)-Malate + NAD+ <=> Oxaloacetate + NADH + H+,Bidirectional,1.1.1.37,K00026,Malate shunt,R00342,MDH2,MDH2
Malate dehydrogenase,(S)-Malate + NAD+ <=> Oxaloacetate + NADH + H+,Bidirectional,1.1.1.37,K00024,Malate shunt,R00342,Mdh,mdh
Oxaloacetate carboxy-lyase (pyruvate-forming),Oxaloacetate <=> Pyruvate + CO2,Bidirectional,"1.1.1.38, 1.1.1.40, 4.1.1.112",K01003,Malate shunt,R00217 ,BcpA,bcpA
Malate dehydrogenase (oxaloacetate-decarboxylating)(NADP+),(S)-Malate + NADP+ <=> Pyruvate + CO2 + NADPH + H+,Bidirectional,1.1.1.40,K00029,Malate shunt,R00216,E1.1.1.40,E1.1.1.40
Malate dehydrogenase,(S)-Malate + NAD+ <=> Oxaloacetate + NADH + H+,Bidirectional,1.1.1.37,K00025,Malate shunt,R00342,MDH1,MDH1
Malate dehydrogenase,(S)-Malate + NAD+ <=> Oxaloacetate + NADH + H+,Bidirectional,1.1.1.37,K00026,Malate shunt,R00342,MDH2,MDH2
Malate dehydrogenase,(S)-Malate + NAD+ <=> Oxaloacetate + NADH + H+,Bidirectional,1.1.1.37,K00024,Malate shunt,R00342,Mdh,mdh
Pyruvate kinase,ATP + Pyruvate <=> ADP + Phosphoenolpyruvate,Bidirectional,2.7.1.40,K00873,Malate shunt,R00200,PK,PK
Pyruvate kinase,ATP + Pyruvate <=> ADP + Phosphoenolpyruvate,Bidirectional,2.7.1.40,K12406,Malate shunt,R00200,PKLR,PKLR
Malate dehydrogenase (decarboxylating),(S)-Malate + NAD+ <=> Pyruvate + CO2 + NADH + H+,Bidirectional,"1.1.1.38, 1.1.1.39",K00027,Malate shunt,R00214,ME2,ME2
Malate dehydrogenase (decarboxylating),(S)-Malate + NAD+ <=> Pyruvate + CO2 + NADH + H+,Bidirectional,"1.1.1.38, 1.1.1.39",K00028,Malate shunt,R00214,E1.1.1.39,E1.1.1.39
Phosphoenolpyruvate carboxykinase (ATP),ATP + Oxaloacetate <=> ADP + Phosphoenolpyruvate + CO2,Bidirectional,4.1.1.49,K01610,Malate shunt,R00341,E4.1.1.49,E4.1.1.49
Malate dehydrogenase,(S)-Malate + NAD+ <=> Oxaloacetate + NADH + H+,Bidirectional,1.1.1.37,K00025,Malate shunt,R00342,MDH1,MDH1
Malate dehydrogenase,(S)-Malate + NAD+ <=> Oxaloacetate + NADH + H+,Bidirectional,1.1.1.37,K00026,Malate shunt,R00342,MDH2,MDH2
Malate dehydrogenase,(S)-Malate + NAD+ <=> Oxaloacetate + NADH + H+,Bidirectional,1.1.1.37,K00024,Malate shunt,R00342,Mdh,mdh
Phosphoenolpyruvate carboxykinase (GTP),GTP + Oxaloacetate <=> GDP + Phosphoenolpyruvate + CO2,Bidirectional,4.1.1.32,K01596,Malate shunt,R00431,E4.1.1.32,E4.1.1.32
Malate dehydrogenase,(S)-Malate + NAD+ <=> Oxaloacetate + NADH + H+,Bidirectional,1.1.1.37,K00025,Malate shunt,R00342,MDH1,MDH1
Malate dehydrogenase,(S)-Malate + NAD+ <=> Oxaloacetate + NADH + H+,Bidirectional,1.1.1.37,K00026,Malate shunt,R00342,MDH2,MDH2
Malate dehydrogenase,(S)-Malate + NAD+ <=> Oxaloacetate + NADH + H+,Bidirectional,1.1.1.37,K00024,Malate shunt,R00342,Mdh,mdh
Pyruvate kinase,ATP + Pyruvate <=> ADP + Phosphoenolpyruvate,Bidirectional,2.7.1.40,K00873,Malate shunt,R00200,PK,PK
Pyruvate kinase,ATP + Pyruvate <=> ADP + Phosphoenolpyruvate,Bidirectional,2.7.1.40,K12406,Malate shunt,R00200,PKLR,PKLR
Pyruvate carboxylase,ATP + Pyruvate + HCO3- <=> ADP + Orthophosphate + Oxaloacetate,Bidirectional,6.4.1.1,K01958,Malate shunt,R00344,PC,PC
Pyruvate carboxylase,ATP + Pyruvate + HCO3- <=> ADP + Orthophosphate + Oxaloacetate,Bidirectional,6.4.1.1,"K01959, K01960",Malate shunt,R00344,PycAB,"pycA, pycB"
Malate dehydrogenase,(S)-Malate + NAD+ <=> Pyruvate + CO2 + NADH + H+,Bidirectional,"1.1.1.38, 1.1.1.39",K00027,Malate shunt,R00214,ME2,ME2
Malate dehydrogenase,(S)-Malate + NAD+ <=> Pyruvate + CO2 + NADH + H+,Bidirectional,"1.1.1.38, 1.1.1.39",K00028,Malate shunt,R00214,E1.1.1.39,E1.1.1.39
Phosphoenolpyruvate carboxylase,Orthophosphate + Oxaloacetate <=> H2O + Phosphoenolpyruvate + CO2,Bidirectional,4.1.1.31,K01595,Malate shunt,R00345,Ppc,ppc
Malate dehydrogenase,(S)-Malate + NAD+ <=> Oxaloacetate + NADH + H+,Bidirectional,1.1.1.37,K00025,Malate shunt,R00342,MDH1,MDH1
Malate dehydrogenase,(S)-Malate + NAD+ <=> Oxaloacetate + NADH + H+,Bidirectional,1.1.1.37,K00026,Malate shunt,R00342,MDH2,MDH2
Malate dehydrogenase,(S)-Malate + NAD+ <=> Oxaloacetate + NADH + H+,Bidirectional,1.1.1.37,K00024,Malate shunt,R00342,Mdh,mdh
L-lactate dehydrogenase,(S)-Lactate + NAD+ <=> Pyruvate + NADH + H+,Bidirectional,1.1.1.27,K00016,Lactate,R00703,LDH,LDH
D-lactate dehydrogenase,(R)-Lactate + NAD+ <=> Pyruvate + NADH + H+,Bidirectional,1.1.1.28,K03777,Lactate,R00704,Dld,dld
D-lactate dehydrogenase,(R)-Lactate + NAD+ <=> Pyruvate + NADH + H+,Bidirectional,1.1.1.28,K03778,Lactate,R00704,LdhA,ldhA
Lactate racemase,(S)-Lactate <=> (R)-Lactate,Bidirectional,5.1.2.1,K22373,Lactate,R01450,LarA,larA
D-lactate dehydrogenase,(R)-Lactate + NAD+ <=> Pyruvate + NADH + H+,Bidirectional,1.1.1.28,K03777,Lactate,R00704,Dld,dld
D-lactate dehydrogenase,(S)-Lactate + NAD+ <=> Pyruvate + NADH + H+,Bidirectional,1.1.1.28,K03778,Lactate,R00704,LdhA,ldhA
L-lactate dehydrogenase,(S)-Lactate + NAD+ <=> Pyruvate + NADH + H+,Bidirectional,1.1.1.27,K00016,Lactate,R00703,LDH,LDH
D-lactate dehydrogenase,(S)-Lactate + NAD+ <=> Pyruvate + NADH + H+,Bidirectional,1.1.1.28,K03777,Lactate,R00704,LdhA,ldhA
Lactate racemase,(S)-Lactate <=> (R)-Lactate,Bidirectional,5.1.2.1,K22373,Lactate,R01450,LarA,larA
Pyruvate:ferredoxin oxidoreductase,2 Reduced ferredoxin + Acetyl-CoA + CO2 + 2 H+ <=> 2 Oxidized ferredoxin + Pyruvate + CoA,Reverse,"1.2.7.1, 1.2.7.11","K00169, K00170, K00172, K00171",Acetate,R01196,PorABCD,"porA, porB, porC, porD"
Pyruvate:ferredoxin oxidoreductase,2 Reduced ferredoxin + Acetyl-CoA + CO2 + 2 H+ <=> 2 Oxidized ferredoxin + Pyruvate + CoA,Reverse,"1.2.7.1, 1.2.7.11","K00174, K00175",Acetate,R01196,KorAB,"korA, korB"
Pyruvate:ferredoxin oxidoreductase,2 Reduced ferredoxin + Acetyl-CoA + CO2 + 2 H+ <=> 2 Oxidized ferredoxin + Pyruvate + CoA,Reverse,"1.2.7.1, 1.2.7.11",K03737,Acetate,R01196,Por,por
Pyruvate dehydrogenase (acetyl-transferring),Pyruvate + Enzyme N6-(lipoyl)lysine <=> [Dihydrolipoyllysine-residue acetyltransferase] S-acetyldihydrolipoyllysine + CO2,Forward,1.2.4.1,K00163,Acetate,R01699,AceE,aceE
Pyruvate dehydrogenase (acetyl-transferring),Pyruvate + Enzyme N6-(lipoyl)lysine <=> [Dihydrolipoyllysine-residue acetyltransferase] S-acetyldihydrolipoyllysine + CO2,Forward,1.2.4.1,"K00161, K00162",Acetate,R01699,PDHAB,"PDHA, PDHB"
Dihydrolipoyllysine-residue acetyltransferase,Acetyl-CoA + Enzyme N6-(dihydrolipoyl)lysine <=> CoA + [Dihydrolipoyllysine-residue acetyltransferase] S-acetyldihydrolipoyllysine,Reverse,2.3.1.12,K00627,Acetate,R02569,DLAT,DLAT
Dihydrolipoyl dehydrogenase,Enzyme N6-(dihydrolipoyl)lysine + NAD+ <=> Enzyme N6-(lipoyl)lysine + NADH + H+,Bidirectional,1.8.1.4,K00382,Acetate,R07618,DLD,DLD
Formate C-acetyltransferase,Acetyl-CoA + Formate <=> CoA + Pyruvate,Reverse,2.3.1.54,K00656,Acetate,R00212,PflD,pflD
Phosphate acetyltransferase,Acetyl-CoA + Orthophosphate <=> CoA + Acetyl phosphate,Bidirectional,2.3.1.8,K13788,Acetate,R00230,Pta,pta
Phosphate acetyltransferase,Acetyl-CoA + Orthophosphate <=> CoA + Acetyl phosphate,Bidirectional,2.3.1.8,K00625,Acetate,R00230,K00625,K00625
Phosphate acetyltransferase,Acetyl-CoA + Orthophosphate <=> CoA + Acetyl phosphate,Bidirectional,2.3.1.8,K15024,Acetate,R00230,K15024,K15024
Phosphate acetyltransferase,Acetyl-CoA + Orthophosphate <=> CoA + Acetyl phosphate,Bidirectional,2.3.1.8,K04020,Acetate,R00230,EutD,eutD
Acetate kinase,ATP + Acetate <=> ADP + Acetyl phosphate,Bidirectional,2.7.2.1,K00925,Acetate,R00315,AckA,ackA
Succinyl-CoA:acetate CoA-transferase,Succinyl-CoA + Acetate <=> Acetyl-CoA + Succinate,Bidirectional,2.8.3.18,K18118,Acetate,R10343,AarC,aarC
Succinate—CoA ligase (ADP-forming),GTP + Succinate + CoA <=> GDP + Orthophosphate + Succinyl-CoA,Bidirectional,6.2.1.5,"K01899, K01900",Acetate,R00432,LSC12,"LSC1, LSC2"
Succinate—CoA ligase (ADP-forming),ATP + Succinate + CoA <=> ADP + Orthophosphate + Succinyl-CoA,Bidirectional,6.2.1.5,"K01902, K01903",Acetate,R00405,SucCD,sucD
Acetate—CoA ligase (ADP-forming),ATP + Acetate + CoA <=> ADP + Acetyl-CoA + Orthophosphate,Bidirectional,6.2.1.13,"K01905, K22224",Acetate,R00229,AcdAB,"acdA, acdB"
Acetate—CoA ligase (ADP-forming),ATP + Acetate + CoA <=> ADP + Acetyl-CoA + Orthophosphate,Bidirectional,6.2.1.13,K24012,Acetate,R00229,AcdAB,acdAB
Acetate—CoA ligase,ATP + Acetate + CoA <=> AMP + Diphosphate + Acetyl-CoA,Bidirectional,6.2.1.1,K01895,Acetate,R00235,ACSS,ACSS
Acetate—CoA ligase,ATP + Acetate + CoA <=> AMP + Diphosphate + Acetyl-CoA,Bidirectional,6.2.1.1,K01913,Acetate,R00235,AAE7,AAE7
Butyryl-CoA:acetate-CoA transferase,Butanoyl-CoA + Acetate <=> Butanoic acid + Acetyl-CoA,Bidirectional,2.8.3.8,"K01034, K01035",Acetate,R01179,AtoDA,"atoD, atoA"
Butyryl-CoA:acetate-CoA transferase,Butanoyl-CoA + Acetate <=> Butanoic acid + Acetyl-CoA,Bidirectional,2.8.3.8,K19709,Acetate,R01179,YdiF,ydiF
Phosphate acetyltransferase,Acetyl-CoA + Orthophosphate <=> CoA + Acetyl phosphate,Bidirectional,2.3.1.8,K13788,Acetate,R00230,Pta,pta
Phosphate acetyltransferase,Acetyl-CoA + Orthophosphate <=> CoA + Acetyl phosphate,Bidirectional,2.3.1.8,K00625,Acetate,R00230,K00625,K00625
Phosphate acetyltransferase,Acetyl-CoA + Orthophosphate <=> CoA + Acetyl phosphate,Bidirectional,2.3.1.8,K15024,Acetate,R00230,K15024,K15024
Phosphate acetyltransferase,Acetyl-CoA + Orthophosphate <=> CoA + Acetyl phosphate,Bidirectional,2.3.1.8,K04020,Acetate,R00230,EutD,eutD
Phosphate butyryltransferase,Butanoyl-CoA + Orthophosphate <=> CoA + Butanoylphosphate,Bidirectional,2.3.1.19,K00634,Acetate,R01174,Ptb,ptb
Butyrate kinase,ATP + Butanoic acid <=> ADP + Butanoylphosphate,Bidirectional,2.7.2.7,K00929,Acetate,R01688,Buk,buk
Acetate kinase,ATP + Acetate <=> ADP + Acetyl phosphate,Bidirectional,2.7.2.1,K00925,Acetate,R00315,AckA,ackA
Pyruvate dehydrogenase (quinone),Pyruvate + Ubiquinone + H2O <=> Acetate + Ubiquinol + CO2,Bidirectional,1.2.5.1,K00156,Acetate,R03145,PoxB,poxB
Pyruvate decarboxylase,Pyruvate + Thiamin diphosphate <=> 2-(alpha-Hydroxyethyl)thiamine diphosphate + CO2,Forward,4.1.1.1,K01568,Ethanol,R00014,PDC,PDC
Pyruvate decarboxylase,Pyruvate + Thiamin diphosphate <=> 2-(alpha-Hydroxyethyl)thiamine diphosphate + CO2,Forward,4.1.1.1,K01568,Ethanol,R00014,PDC,PDC
Pyruvate decarboxylase,Acetaldehyde + Thiamin diphosphate <=> 2-(alpha-Hydroxyethyl)thiamine diphosphate,Reverse,4.1.1.1,K01568,Ethanol,R00755,PDC,PDC
Pyruvate decarboxylase,Acetaldehyde + Thiamin diphosphate <=> 2-(alpha-Hydroxyethyl)thiamine diphosphate,Reverse,4.1.1.1,K01568,Ethanol,R00755,PDC,PDC
Alcohol dehydrogenase,Ethanol + NAD+ <=> Acetaldehyde + NADH + H+,Bidirectional,1.1.1.1,K00001,Ethanol,R00754,E1.1.1.1,E1.1.1.1
Alcohol dehydrogenase,Ethanol + NAD+ <=> Acetaldehyde + NADH + H+,Bidirectional,1.1.1.1,K00121,Ethanol,R00754,FrmA,frmA
Alcohol dehydrogenase,Ethanol + NAD+ <=> Acetaldehyde + NADH + H+,Bidirectional,1.1.1.1,K04072,Ethanol,R00754,AdhE,adhE
Alcohol dehydrogenase,Ethanol + NAD+ <=> Acetaldehyde + NADH + H+,Bidirectional,1.1.1.1,K13951,Ethanol,R00754,ADH1_7,ADH1_7
Alcohol dehydrogenase,Ethanol + NAD+ <=> Acetaldehyde + NADH + H+,Bidirectional,1.1.1.1,K13952,Ethanol,R00754,ADH6,ADH6
Alcohol dehydrogenase,Ethanol + NAD+ <=> Acetaldehyde + NADH + H+,Bidirectional,1.1.1.1,K13953,Ethanol,R00754,AdhP,adhP
Alcohol dehydrogenase,Ethanol + NAD+ <=> Acetaldehyde + NADH + H+,Bidirectional,1.1.1.1,K13954,Ethanol,R00754,YiaY,yiaY
Alcohol dehydrogenase,Ethanol + NAD+ <=> Acetaldehyde + NADH + H+,Bidirectional,1.1.1.1,K13980,Ethanol,R00754,ADH4,ADH4
Alcohol dehydrogenase,Ethanol + NAD+ <=> Acetaldehyde + NADH + H+,Bidirectional,1.1.1.1,K18857,Ethanol,R00754,ADH1,ADH1
Acetaldehyde dehydrogenase (acetylating),Acetaldehyde + CoA + NAD+ <=> Acetyl-CoA + NADH + H+,Bidirectional,1.2.1.10,K00132,Ethanol,R00228,E1.2.1.10,E1.2.1.10
Acetaldehyde dehydrogenase (acetylating),Acetaldehyde + CoA + NAD+ <=> Acetyl-CoA + NADH + H+,Bidirectional,1.2.1.10,K04021,Ethanol,R00228,EutE,eutE
Acetaldehyde dehydrogenase (acetylating),Acetaldehyde + CoA + NAD+ <=> Acetyl-CoA + NADH + H+,Bidirectional,1.2.1.10,K04072,Ethanol,R00228,AdhE,adhE
Acetaldehyde dehydrogenase (acetylating),Acetaldehyde + CoA + NAD+ <=> Acetyl-CoA + NADH + H+,Bidirectional,1.2.1.10,K04073,Ethanol,R00228,MhpF,mhpF
Acetaldehyde dehydrogenase (acetylating),Acetaldehyde + CoA + NAD+ <=> Acetyl-CoA + NADH + H+,Bidirectional,1.2.1.10,K18366,Ethanol,R00228,BphJ,bphJ
Alcohol dehydrogenase,Ethanol + NAD+ <=> Acetaldehyde + NADH + H+,Bidirectional,1.1.1.1,K00001,Ethanol,R00754,E1.1.1.1,E1.1.1.1
Alcohol dehydrogenase,Ethanol + NAD+ <=> Acetaldehyde + NADH + H+,Bidirectional,1.1.1.1,K00121,Ethanol,R00754,FrmA,frmA
Alcohol dehydrogenase,Ethanol + NAD+ <=> Acetaldehyde + NADH + H+,Bidirectional,1.1.1.1,K04072,Ethanol,R00754,AdhE,adhE
Alcohol dehydrogenase,Ethanol + NAD+ <=> Acetaldehyde + NADH + H+,Bidirectional,1.1.1.1,K13951,Ethanol,R00754,ADH1_7,ADH1_7
Alcohol dehydrogenase,Ethanol + NAD+ <=> Acetaldehyde + NADH + H+,Bidirectional,1.1.1.1,K13952,Ethanol,R00754,ADH6,ADH6
Alcohol dehydrogenase,Ethanol + NAD+ <=> Acetaldehyde + NADH + H+,Bidirectional,1.1.1.1,K13953,Ethanol,R00754,AdhP,adhP
Alcohol dehydrogenase,Ethanol + NAD+ <=> Acetaldehyde + NADH + H+,Bidirectional,1.1.1.1,K13954,Ethanol,R00754,YiaY,yiaY
Alcohol dehydrogenase,Ethanol + NAD+ <=> Acetaldehyde + NADH + H+,Bidirectional,1.1.1.1,K13980,Ethanol,R00754,ADH4,ADH4
Alcohol dehydrogenase,Ethanol + NAD+ <=> Acetaldehyde + NADH + H+,Bidirectional,1.1.1.1,K18857,Ethanol,R00754,ADH1,ADH1
Propionate CoA transferase,Lactoyl-CoA + Propanoate <=> (S)-Lactate + Propanoyl-CoA,Bidirectional,2.8.3.1,K01026,Propionate,R00928,Pct,pct
Lactoyl-CoA dehydratase,Lactoyl-CoA <=> Propenoyl-CoA + H2O,Bidirectional,4.2.1.54,"K20626, K20627",Propionate,R02963,LcdAB,"lcdA, lcdB"
Acrylyl-CoA reductase (NADH),Propanoyl-CoA + NAD+ <=> Propenoyl-CoA + NADH + H+,Bidirectional,1.3.1.95,K20143,Propionate,R10161,AcrC-etfAB,acrC
Pyruvate kinase,ATP + Pyruvate <=> ADP + Phosphoenolpyruvate,Bidirectional,2.7.1.40,K00873,Propionate,R00200,PK,PK
Pyruvate kinase,ATP + Pyruvate <=> ADP + Phosphoenolpyruvate,Bidirectional,2.7.1.40,K12406,Propionate,R00200,PKLR,PKLR
Methylmalonyl-CoA carboxytransferase,(S)-Methylmalonyl-CoA + Pyruvate <=> Propanoyl-CoA + Oxaloacetate,Bidirectional,2.1.3.1,"K03416, K17489",Propionate,R00353,"E2.1.3.1-5S, E2.1.3.1-12S","E2.1.3.1-5S, E2.1.3.1-12S"
Fumarate hydratase,(S)-Malate <=> Fumarate + H2O,Bidirectional,4.2.1.2,K01676,Propionate,R01082,FumA,fumA
Fumarate hydratase,(S)-Malate <=> Fumarate + H2O,Bidirectional,4.2.1.2,"K01677, K01678",Propionate,R01082,FumAB,"fumA, fumB"
Fumarate hydratase,(S)-Malate <=> Fumarate + H2O,Bidirectional,4.2.1.2,K01679,Propionate,R01082,FumC,fumC
Fumarate hydratase,(S)-Malate <=> Fumarate + H2O,Bidirectional,4.2.1.2,K01675,Propionate,R01082,FumD,fumD
Fumarate hydratase,(S)-Malate <=> Fumarate + H2O,Bidirectional,4.2.1.2,K01774,Propionate,R01082,FumE,fumE
NADH:ubiquinone reductase (Na+-transporting),NADH + H+ + Ubiquinone + Na+[side 1] <=> NAD+ + Ubiquinol + Na+[side 2],Bidirectional,7.2.1.1,"K00346, K00347, K00348, K00349, K00350, K00351",Propionate,NA,NqrABCDEF,"nqrA, nqrB, nqrC, nqrD, nqrE, nqrF"
Fumarate reductase/succinate dehydrogenase,Quinone + Succinate <=> Hydroquinone + Fumarate,Reverse,1.3.5.1,"K00244, K00245, K00246, K00247",Propionate,R02164,FrdABCD,"frdA, frdB, frdC, frdD"
Fumarate reductase/succinate dehydrogenase,Quinone + Succinate <=> Hydroquinone + Fumarate,Reverse,1.3.5.1,"K00239, K00240, K00241",Propionate,R02164,SdhABC,"sdhA, sdhB, sdhC"
NADH dehydrogenase,Ubiquinone + NADH + 6 H+ <=> Ubiquinol + NAD+ + 5 H+,Bidirectional,7.1.1.2,K03885,Propionate,R11945,Ndh,ndh
Fumarate reductase/succinate dehydrogenase,Quinone + Succinate <=> Hydroquinone + Fumarate,Reverse,1.3.5.1,"K00244, K00245, K00246, K00247",Propionate,R02164,FrdABCD,"frdA, frdB, frdC, frdD"
Fumarate reductase/succinate dehydrogenase,Quinone + Succinate <=> Hydroquinone + Fumarate,Reverse,1.3.5.1,"K00239, K00240, K00241",Propionate,R02164,SdhABC,"sdhA, sdhB, sdhC"
NADH:ubiquinone reductase (H+-translocating),Ubiquinone + NADH + 6 H+ <=> Ubiquinol + NAD+ + 5 H+,Bidirectional,7.1.1.2.A,K00330,Propionate,R11945,NuoA,nuoA
NADH:ubiquinone reductase (H+-translocating),Ubiquinone + NADH + 6 H+ <=> Ubiquinol + NAD+ + 5 H+,Bidirectional,7.1.1.2.B,"K00331, K00332, K00333",Propionate,R11945,NuoBCD,"nuoB, nuoC, nuoD"
NADH:ubiquinone reductase (H+-translocating),Ubiquinone + NADH + 6 H+ <=> Ubiquinol + NAD+ + 5 H+,Bidirectional,7.1.1.2.B,"K00331, K13378",Propionate,R11945,NuoB(CD),"nuoB, nuoCD"
NADH:ubiquinone reductase (H+-translocating),Ubiquinone + NADH + 6 H+ <=> Ubiquinol + NAD+ + 5 H+,Bidirectional,7.1.1.2.B,K13380,Propionate,R11945,Nuo(BCD),nuoBCD
NADH:ubiquinone reductase (H+-translocating),Ubiquinone + NADH + 6 H+ <=> Ubiquinol + NAD+ + 5 H+,Bidirectional,7.1.1.2.C,"K00334, K00335, K00336",Propionate,R11945,NuoEFG,"nuoE, nuoF, nuoG"
NADH:ubiquinone reductase (H+-translocating),Ubiquinone + NADH + 6 H+ <=> Ubiquinol + NAD+ + 5 H+,Bidirectional,7.1.1.2.D,"K00337, K00338, K00339, K00340",Propionate,R11945,NuoHIJK,"nuoH, nuoI, nuoJ, nuoK"
NADH:ubiquinone reductase (H+-translocating),Ubiquinone + NADH + 6 H+ <=> Ubiquinol + NAD+ + 5 H+,Bidirectional,7.1.1.2.E,"K00341, K00342",Propionate,R11945,NuoLM,"nuoL, nuoM"
NADH:ubiquinone reductase (H+-translocating),Ubiquinone + NADH + 6 H+ <=> Ubiquinol + NAD+ + 5 H+,Bidirectional,7.1.1.2.E,K15863,Propionate,R11945,Nuo(LM),nuoLM
NADH:ubiquinone reductase (H+-translocating),Ubiquinone + NADH + 6 H+ <=> Ubiquinol + NAD+ + 5 H+,Bidirectional,7.1.1.2.F,K00343,Propionate,R11945,NuoN,nuoN
Fumarate reductase/succinate dehydrogenase,Quinone + Succinate <=> Hydroquinone + Fumarate,Reverse,1.3.5.1,"K00244, K00245, K00246, K00247",Propionate,R02164,FrdABCD,"frdA, frdB, frdC, frdD"
Fumarate reductase/succinate dehydrogenase,Quinone + Succinate <=> Hydroquinone + Fumarate,Reverse,1.3.5.1,"K00239, K00240, K00241",Propionate,R02164,SdhABC,"sdhA, sdhB, sdhC"
Hydrogen:quinone oxidoreductase,Menaquinone + Hydrogen <=> Menaquinol,Forward,"1.12.5.1, 1.12.99.6","K06281, K06282",Propionate,NA,HyaCOAB,"hyaB, hybC, hyaA, hybO"
Hydrogen:quinone oxidoreductase,Menaquinone + Hydrogen <=> Menaquinol,Forward,"1.12.5.1, 1.12.99.6","K05927, K05922, K03620",Propionate,NA,HydABC,"hydA, hydB, hydC"
Fumarate reductase/succinate dehydrogenase,Quinone + Succinate <=> Hydroquinone + Fumarate,Reverse,1.3.5.1,"K00244, K00245, K00246, K00247",Propionate,R02164,FrdABCD,"frdA, frdB, frdC, frdD"
Fumarate reductase/succinate dehydrogenase,Quinone + Succinate <=> Hydroquinone + Fumarate,Reverse,1.3.5.1,"K00239, K00240, K00241",Propionate,R02164,SdhABC,"sdhA, sdhB, sdhC"
Formate dehydrogenase,Formate + Quinone <=> CO2 + Hydroquinone,Forward,1.17.5.3,"K00123, K00124, K00127",Propionate,R00519,FdoGHI,"fdoG, fdoH, fdoI"
Fumarate reductase/succinate dehydrogenase,Quinone + Succinate <=> Hydroquinone + Fumarate,Reverse,1.3.5.1,"K00244, K00245, K00246, K00247",Propionate,R02164,FrdABCD,"frdA, frdB, frdC, frdD"
Fumarate reductase/succinate dehydrogenase,Quinone + Succinate <=> Hydroquinone + Fumarate,Reverse,1.3.5.1,"K00239, K00240, K00241",Propionate,R02164,SdhABC,"sdhA, sdhB, sdhC"
Propanoyl-CoA:succinate CoA transferase,Propanoyl-CoA + Succinate <=> Succinyl-CoA + Propanoate,Bidirectional,2.8.3.27,K22214,Propionate,R11773,scpC,ScpC
Propanoyl-CoA:succinate CoA transferase,Propanoyl-CoA + Succinate <=> Succinyl-CoA + Propanoate,Bidirectional,2.8.3.27,K18118,Propionate,R11773,AarC,aarC
Methylmalonyl-CoA mutase,(R)-Methylmalonyl-CoA <=> Succinyl-CoA,Bidirectional,5.4.99.2,K01847,Propionate,R00833,MUT,MUT
Methylmalonyl-CoA mutase,(R)-Methylmalonyl-CoA <=> Succinyl-CoA,Bidirectional,5.4.99.2,"K01849, K01848",Propionate,R00833,McmA12,"E5.4.99.2B, E5.4.99.2A"
Methylmalonyl-CoA epimerase,(R)-Methylmalonyl-CoA <=> (S)-Methylmalonyl-CoA,Bidirectional,5.1.99.1,K05606,Propionate,R02765,MCEE,MCEE
Methylmalonyl-CoA carboxytransferase,(S)-Methylmalonyl-CoA + Pyruvate <=> Propanoyl-CoA + Oxaloacetate,Bidirectional,2.1.3.1,"K03416, K17489",Propionate,R00353,"E2.1.3.1-5S, E2.1.3.1-12S","E2.1.3.1-5S, E2.1.3.1-12S"
Propanoyl-CoA:succinate CoA transferase,Propanoyl-CoA + Succinate <=> Succinyl-CoA + Propanoate,Bidirectional,2.8.3.27,K22214,Propionate,R11773,scpC,ScpC
Propanoyl-CoA:succinate CoA transferase,Propanoyl-CoA + Succinate <=> Succinyl-CoA + Propanoate,Bidirectional,2.8.3.27,K18118,Propionate,R11773,AarC,aarC
Methylmalonyl-CoA mutase,(R)-Methylmalonyl-CoA <=> Succinyl-CoA,Bidirectional,5.4.99.2,K01847,Propionate,R00833,MUT,MUT
Methylmalonyl-CoA mutase,(R)-Methylmalonyl-CoA <=> Succinyl-CoA,Bidirectional,5.4.99.2,"K01849, K01848",Propionate,R00833,McmA12,"E5.4.99.2B, E5.4.99.2A"
Methylmalonyl-CoA epimerase,(R)-Methylmalonyl-CoA <=> (S)-Methylmalonyl-CoA,Bidirectional,5.1.99.1,K05606,Propionate,R02765,MCEE,MCEE
Methylmalonyl-CoA decarboxylase,(S)-Methylmalonyl-CoA <=> Propanoyl-CoA + CO2,Bidirectional,4.1.1.94,K11264,Propionate,R00923,MmcD,mmcD
Methylmalonyl-CoA decarboxylase,(S)-Methylmalonyl-CoA <=> Propanoyl-CoA + CO2,Bidirectional,4.1.1.94,K18426,Propionate,R00923,ECHDC1,ECHDC1
Propanoyl-CoA:succinate CoA transferase,Propanoyl-CoA + Succinate <=> Succinyl-CoA + Propanoate,Bidirectional,2.8.3.27,K22214,Propionate,R11773,scpC,ScpC
Propanoyl-CoA:succinate CoA transferase,Propanoyl-CoA + Succinate <=> Succinyl-CoA + Propanoate,Bidirectional,2.8.3.27,K18118,Propionate,R11773,AarC,aarC
Methylmalonyl-CoA mutase,(R)-Methylmalonyl-CoA <=> Succinyl-CoA,Bidirectional,5.4.99.2,K11942,Propionate,R00833,E5.4.99.2,E5.4.99.2
Methylmalonyl-CoA mutase,(R)-Methylmalonyl-CoA <=> Succinyl-CoA,Bidirectional,5.4.99.2,K01847,Propionate,R00833,MUT,MUT
Methylmalonyl-CoA mutase,(R)-Methylmalonyl-CoA <=> Succinyl-CoA,Bidirectional,5.4.99.2,"K01849, K01848",Propionate,R00833,McmA12,"E5.4.99.2B, E5.4.99.2A"
Methylmalonyl-CoA epimerase,(R)-Methylmalonyl-CoA <=> (S)-Methylmalonyl-CoA,Bidirectional,5.1.99.1,K05606,Propionate,R02765,MCEE,MCEE
Methylmalonyl-CoA decarboxylase,(S)-Methylmalonyl-CoA + Na+[side 1] + H+[side 2] <=> Propanoyl-CoA + CO2 + Na+[side 2],Bidirectional,7.2.4.3,K01604,Propionate,NA,MmdA,mmdA
Propanoyl-CoA:phosphate propanoyltransferase,Propanoyl-CoA + Orthophosphate <=> Propanoyl phosphate + CoA,Bidirectional,2.3.1.8,K13788,Propionate,R00921,Pta,pta
Propanoyl-CoA:phosphate propanoyltransferase,Propanoyl-CoA + Orthophosphate <=> Propanoyl phosphate + CoA,Bidirectional,2.3.1.8,K00625,Propionate,R00921,K00625,K00625
Propanoyl-CoA:phosphate propanoyltransferase,Propanoyl-CoA + Orthophosphate <=> Propanoyl phosphate + CoA,Bidirectional,2.3.1.8,K15024,Propionate,R00921,K15024,K15024
Propanoyl-CoA:phosphate propanoyltransferase,Propanoyl-CoA + Orthophosphate <=> Propanoyl phosphate + CoA,Bidirectional,2.3.1.8,K04020,Propionate,R00921,EutD,eutD
Acetate kinase,ATP + Propanoate <=> ADP + Propanoyl phosphate,Bidirectional,2.7.2.1,K00925,Propionate,R01353,AckA,ackA
Propanoate:CoA ligase (ADP-forming),ATP + Propanoate + CoA <=> ADP + Orthophosphate + Propanoyl-CoA,Bidirectional,6.2.1.13,"K01905, K22224",Propionate,R00920,AcdAB,"acdA, acdB"
Propanoate:CoA ligase (ADP-forming),ATP + Propanoate + CoA <=> ADP + Orthophosphate + Propanoyl-CoA,Bidirectional,6.2.1.13,K24012,Propionate,R00920,AcdAB,acdAB
Succinate—CoA ligase (ADP-forming),GTP + Succinate + CoA <=> GDP + Orthophosphate + Succinyl-CoA,Bidirectional,6.2.1.5,"K01899, K01900",Propionate,R00432,LSC12,"LSC1, LSC2"
Succinate—CoA ligase (ADP-forming),ATP + Succinate + CoA <=> ADP + Orthophosphate + Succinyl-CoA,Bidirectional,6.2.1.5,"K01902, K01903",Propionate,R00405,SucCD,sucD
Acetyl-CoA C-acetyltransferase,2 Acetyl-CoA <=> CoA + Acetoacetyl-CoA,Bidirectional,2.3.1.9,K00626,Butyrate,R00238,AtoB,atoB
3-hydroxybutyryl-CoA dehydrogenase,(S)-3-Hydroxybutanoyl-CoA + NADP+ <=> Acetoacetyl-CoA + NADPH + H+,Bidirectional,1.1.1.157,K00074,Butyrate,R01976,PaaH,paaH
Enoyl-CoA hydratase,(S)-3-Hydroxybutanoyl-CoA <=> Crotonoyl-CoA + H2O,Bidirectional,4.2.1.17,K01692,Butyrate,R03026,PaaF,paaF
Enoyl-CoA hydratase,(S)-3-Hydroxybutanoyl-CoA <=> Crotonoyl-CoA + H2O,Bidirectional,4.2.1.17,K07511,Butyrate,R03026,ECHS1,ECHS1
Enoyl-CoA hydratase,(S)-3-Hydroxybutanoyl-CoA <=> Crotonoyl-CoA + H2O,Bidirectional,4.2.1.17,K01782,Butyrate,R03026,FadJ,fadJ
Enoyl-CoA hydratase,(S)-3-Hydroxybutanoyl-CoA <=> Crotonoyl-CoA + H2O,Bidirectional,4.2.1.17,K01825,Butyrate,R03026,FadB,fadB
Enoyl-CoA hydratase,(S)-3-Hydroxybutanoyl-CoA <=> Crotonoyl-CoA + H2O,Bidirectional,4.2.1.17,K07514,Butyrate,R03026,EHHADH,EHHADH
Enoyl-CoA hydratase,(S)-3-Hydroxybutanoyl-CoA <=> Crotonoyl-CoA + H2O,Bidirectional,4.2.1.17,K07515,Butyrate,R03026,HADHA,HADHA
Enoyl-CoA hydratase,(S)-3-Hydroxybutanoyl-CoA <=> Crotonoyl-CoA + H2O,Bidirectional,4.2.1.17,K10527,Butyrate,R03026,MFP2,MFP2
Enoyl-CoA hydratase,(S)-3-Hydroxybutanoyl-CoA <=> Crotonoyl-CoA + H2O,Bidirectional,4.2.1.17,K13767,Butyrate,R03026,FadB,fadB
Enoyl-CoA hydratase,(S)-3-Hydroxybutanoyl-CoA <=> Crotonoyl-CoA + H2O,Bidirectional,4.2.1.17,K15016,Butyrate,R03026,K15016,K15016
Enoyl-CoA hydratase,(S)-3-Hydroxybutanoyl-CoA <=> Crotonoyl-CoA + H2O,Bidirectional,4.2.1.17,K01715,Butyrate,R03026,Crt,crt
Butyryl-CoA dehydrogenase,Butanoyl-CoA + FAD <=> FADH2 + Crotonoyl-CoA,Bidirectional,1.3.8.1,K00248,Butyrate,R01175,ACADS,ACADS
Butyryl-CoA dehydrogenase,Butanoyl-CoA + FAD <=> FADH2 + Crotonoyl-CoA,Bidirectional,1.3.8.1,K00249,Butyrate,R01175,ACADM,ACADM
Butyryl-CoA dehydrogenase,Butanoyl-CoA + FAD <=> FADH2 + Crotonoyl-CoA,Bidirectional,1.3.8.1,K06445,Butyrate,R01175,fadE,FadE
Butyryl-CoA dehydrogenase,Butanoyl-CoA + FAD <=> FADH2 + Crotonoyl-CoA,Bidirectional,1.3.8.1,K09478,Butyrate,R01175,ACADSB,ACADSB
Phosphate butyryltransferase,Butanoyl-CoA + Orthophosphate <=> CoA + Butanoylphosphate,Bidirectional,2.3.1.19,K00634,Butyrate,R01174,Ptb,ptb
Butyrate kinase,ATP + Butanoic acid <=> ADP + Butanoylphosphate,Bidirectional,2.7.2.7,K00929,Butyrate,R01688,Buk,buk
Butyryl-CoA:acetate-CoA transferase,Butanoyl-CoA + Acetate <=> Butanoic acid + Acetyl-CoA,Bidirectional,2.8.3.8,"K01034, K01035",Butyrate,R01179,AtoDA,"atoD, atoA"
Butyryl-CoA:acetate-CoA transferase,Butanoyl-CoA + Acetate <=> Butanoic acid + Acetyl-CoA,Bidirectional,2.8.3.8,K19709,Butyrate,R01179,YdiF,ydiF
Butyryl-CoA dehydrogenase,Butanoyl-CoA + FAD <=> FADH2 + Crotonoyl-CoA,Bidirectional,1.3.8.1,K00232,Butyrate,R01175,E1.3.3.6,E1.3.3.6
Phosphate acetyltransferase,Acetyl-CoA + Orthophosphate <=> CoA + Acetyl phosphate,Bidirectional,2.3.1.8,K13788,Butyrate,R00230,Pta,pta
Phosphate acetyltransferase,Acetyl-CoA + Orthophosphate <=> CoA + Acetyl phosphate,Bidirectional,2.3.1.8,K00625,Butyrate,R00230,K00625,K00625
Phosphate acetyltransferase,Acetyl-CoA + Orthophosphate <=> CoA + Acetyl phosphate,Bidirectional,2.3.1.8,K15024,Butyrate,R00230,K15024,K15024
Phosphate acetyltransferase,Acetyl-CoA + Orthophosphate <=> CoA + Acetyl phosphate,Bidirectional,2.3.1.8,K04020,Butyrate,R00230,EutD,eutD
Acetate kinase,ATP + Acetate <=> ADP + Acetyl phosphate,Bidirectional,2.7.2.1,K00925,Butyrate,R00315,AckA,ackA
Fd hydrogenase,2 Reduced ferredoxin + 2 H+ <=> Hydrogen + 2 Oxidized ferredoxin,Forward,1.12.7.2,HydDB_[FeFe]_Group_A1,Hydrogen,R00019,HydA,hydA
"Hydrogenase (NAD+, Fd)",2 Hydrogen + NAD+ + 2 Oxidized ferredoxin <=> 5 H+ + NADH + 2 Reduced ferredoxin,Reverse,1.12.1.4,HydDB_[FeFe]_Group_A3,Hydrogen,R09508,HydABC,"hydA, hydB, hydC"
Ech hydrogenase,2 Reduced ferredoxin + 2 H+ <=> Hydrogen + 2 Oxidized ferredoxin,Forward,1.12.7.2,"K14086, K14087, K14088, K14089, [NiFe] Group 4e, K14091",Hydrogen,R00019,EchABCDEF,"echA, echB, echC, echD, echE, echF"
NADH hydrogenase,Hydrogen + NAD+ <=> NADH + H+,Reverse,"1.12.1.2, 1.12.1.5",HydDB_[NiFe]_Group_3d,Hydrogen,R00700,HoxFHUY,hoxFHUY
NADPH hydrogenase,Hydrogen + NADP+ <=> NADPH + H+,Reverse,"1.12.1.3, 1.12.1.5",HydDB_[NiFe]_Group_3b,Hydrogen,R07181,HyhBGLS,hyhBGLS
Ferredoxin-NAD+ oxidoreductase (Na+-transporting),2 Reduced ferredoxin + NAD+ + H+ + Na+[side 1] <=> 2 Oxidized ferredoxin + NADH + Na+[side 2],Bidirectional,7.2.1.2,"K03617, K03616,  K03615, K03614, K03613, K03612",Other,NA,RnfABCDEG,"rnfA, rnfB, rnfC, rnfD, rnfE, rnfG"
ATP synthase,ATP + H2O + 4 H+[side 1] <=> ADP + Orthophosphate + 4 H+[side 2],Bidirectional,7.1.2.2,"K02108, K02109, K02110, K02111, K02112, K02115, K02113, K02114",Other,NA,ATPF0ABC-ATPF1ABGDE,"ATPF0A, ATPF0B, ATPF0C, ATPF1A, ATPF1B, ATPF1G, ATPF1D, ATPF1E"
ATP synthase,ATP + H2O + 4 H+[side 1] <=> ADP + Orthophosphate + 4 H+[side 2],Bidirectional,7.1.2.2,"K02117, K02118, K02119, K02120, K02121, K02122, K02123, K02124",Other,NA,ATPVABCDEFGIK,ATPVA
H+-pyrophosphatase,Diphosphate + H2O <=> 2 Orthophosphate,Bidirectional,7.1.3.2,K15987,Other,NA,HppA,hppA
Formate hydrogenlyase,Formate + Oxidized hydrogenase <=> CO2 + Reduced hydrogenase,Bidirectional,1.17.98.4,HydDB_[NiFe]_Group_4a,Hydrogen,R09481,FdhF,fdhF
