Phylum,Class,Order,Family,Genus,Species
Euryarchaeota,Methanobacteria,Methanobacteriales,Methanobacteriaceae,Methanobrevibacter,NA
Euryarchaeota,Methanobacteria,Methanobacteriales,Methanobacteriaceae,Methanobrevibacter,NA
Euryarchaeota,Methanobacteria,Methanobacteriales,Methanobacteriaceae,Methanobrevibacter,NA
Euryarchaeota,Methanobacteria,Methanobacteriales,Methanobacteriaceae,Methanobrevibacter,NA
Euryarchaeota,Methanobacteria,Methanobacteriales,Methanobacteriaceae,Methanobrevibacter,NA
Euryarchaeota,Methanobacteria,Methanobacteriales,Methanobacteriaceae,Methanosphaera,NA
Euryarchaeota,Methanobacteria,Methanobacteriales,Methanobacteriaceae,Methanobrevibacter,NA
Euryarchaeota,Methanobacteria,Methanobacteriales,Methanobacteriaceae,Methanobrevibacter,NA
Euryarchaeota,Methanobacteria,Methanobacteriales,Methanobacteriaceae,Methanobrevibacter,NA
Euryarchaeota,Methanobacteria,Methanobacteriales,Methanobacteriaceae,Methanobrevibacter,NA
Euryarchaeota,Methanobacteria,Methanobacteriales,Methanobacteriaceae,Methanobrevibacter,NA
Euryarchaeota,Methanobacteria,Methanobacteriales,Methanobacteriaceae,Methanobrevibacter,NA
Euryarchaeota,Methanobacteria,Methanobacteriales,Methanobacteriaceae,Methanobrevibacter,NA
Euryarchaeota,Methanobacteria,Methanobacteriales,Methanobacteriaceae,Methanobrevibacter,NA
Euryarchaeota,Methanobacteria,Methanobacteriales,Methanobacteriaceae,Methanobrevibacter,NA
Euryarchaeota,Methanobacteria,Methanobacteriales,Methanobacteriaceae,Methanobrevibacter,NA
Euryarchaeota,Methanobacteria,Methanobacteriales,Methanobacteriaceae,Methanobrevibacter,NA
Euryarchaeota,Methanobacteria,Methanobacteriales,Methanobacteriaceae,Methanobrevibacter,NA
Euryarchaeota,Methanobacteria,Methanobacteriales,Methanobacteriaceae,Methanobrevibacter,NA
Euryarchaeota,Methanobacteria,Methanobacteriales,Methanobacteriaceae,Methanobrevibacter,NA
Euryarchaeota,Methanobacteria,Methanobacteriales,Methanobacteriaceae,Methanobrevibacter,NA
Euryarchaeota,Methanobacteria,Methanobacteriales,Methanobacteriaceae,Methanobrevibacter,NA
Candidatus Thermoplasmatota,Thermoplasmata,Methanomassiliicoccales,Candidatus Methanomethylophilaceae,Candidatus Methanomethylophilus,NA
Candidatus Thermoplasmatota,Thermoplasmata,Methanomassiliicoccales,Candidatus Methanomethylophilaceae,Candidatus Methanomethylophilus,NA
Euryarchaeota,Methanobacteria,Methanobacteriales,Methanobacteriaceae,Methanobrevibacter,NA
Bacillota,Clostridia,Eubacteriales,NA,NA,NA
Bacteroidota,Bacteroidia,Bacteroidales,Prevotellaceae,NA,NA
Bacteroidota,Bacteroidia,Bacteroidales,Prevotellaceae,NA,NA
Bacillota,Clostridia,Eubacteriales,Lachnospiraceae,NA,NA
Actinomycetota,Actinomycetes,NA,NA,NA,NA
Bacillota,Clostridia,Eubacteriales,NA,NA,NA
Actinomycetota,Coriobacteriia,Coriobacteriales,Atopobiaceae,Olsenella,NA
Bacillota,Clostridia,Eubacteriales,Lachnospiraceae,NA,NA
Planctomycetota,NA,NA,NA,NA,NA
Bacillota,Clostridia,Eubacteriales,NA,NA,NA
Bacteroidota,Bacteroidia,Bacteroidales,Prevotellaceae,NA,NA
Bacteroidota,Bacteroidia,Bacteroidales,Prevotellaceae,Prevotella,NA
Bacteroidota,Bacteroidia,Bacteroidales,Prevotellaceae,Prevotella,NA
Bacteroidota,Bacteroidia,Bacteroidales,Prevotellaceae,Prevotella,NA
Bacteroidota,Bacteroidia,Bacteroidales,Prevotellaceae,NA,NA
Bacillota,Clostridia,Eubacteriales,NA,NA,NA
Bacillota,Clostridia,Eubacteriales,NA,NA,NA
Bacillota,Clostridia,Eubacteriales,NA,NA,NA
Bacteroidota,Bacteroidia,Bacteroidales,Prevotellaceae,NA,NA
Bacillota,Clostridia,Eubacteriales,NA,NA,NA
Bacillota,Clostridia,Eubacteriales,NA,NA,NA
Pseudomonadota,NA,NA,NA,NA,NA
Bacteroidota,Bacteroidia,Bacteroidales,Prevotellaceae,NA,NA
Bacillota,Clostridia,Eubacteriales,NA,NA,NA
Bacillota,Clostridia,Eubacteriales,NA,NA,NA
Elusimicrobiota,Elusimicrobia,Elusimicrobiales,Elusimicrobiaceae,Elusimicrobium,NA
Bacillota,Erysipelotrichia,Erysipelotrichales,Coprobacillaceae,Kandleria,vitulina
Bacillota,Clostridia,Eubacteriales,NA,NA,NA
Pseudomonadota,NA,NA,NA,NA,NA
Bacillota,Erysipelotrichia,Erysipelotrichales,Erysipelotrichaceae,NA,NA
Bacillota,Clostridia,Eubacteriales,Lachnospiraceae,NA,NA
Bacillota,Clostridia,Eubacteriales,NA,NA,NA
Bacteroidota,Bacteroidia,Bacteroidales,Prevotellaceae,NA,NA
Bacillota,Clostridia,Eubacteriales,NA,NA,NA
Bacillota,Clostridia,Eubacteriales,NA,NA,NA
Bacteroidota,Bacteroidia,Bacteroidales,Prevotellaceae,Prevotella,NA
Bacteroidota,Bacteroidia,Bacteroidales,Prevotellaceae,NA,NA
Bacillota,Clostridia,Eubacteriales,Lachnospiraceae,NA,NA
Bacteroidota,Bacteroidia,Bacteroidales,Prevotellaceae,NA,NA
Bacillota,Erysipelotrichia,Erysipelotrichales,Coprobacillaceae,Sharpea,NA
NA,NA,NA,NA,NA,NA
Lentisphaerota,NA,NA,NA,NA,NA
Bacillota,Clostridia,Eubacteriales,NA,NA,NA
Bacillota,Clostridia,Eubacteriales,NA,NA,NA
Bacillota,Erysipelotrichia,Erysipelotrichales,Erysipelotrichaceae,NA,NA
NA,NA,NA,NA,NA,NA
Bacillota,Clostridia,Eubacteriales,NA,NA,NA
Actinomycetota,Coriobacteriia,Coriobacteriales,Atopobiaceae,Olsenella,NA
Bacteroidota,Bacteroidia,Bacteroidales,Prevotellaceae,NA,NA
Bacillota,Erysipelotrichia,Erysipelotrichales,Erysipelotrichaceae,NA,NA
Bacillota,Clostridia,Eubacteriales,NA,NA,NA
Bacillota,Clostridia,Eubacteriales,NA,NA,NA
Bacillota,Clostridia,Eubacteriales,NA,NA,NA
Bacteroidota,Bacteroidia,Bacteroidales,Prevotellaceae,Prevotella,NA
Bacteroidota,Bacteroidia,Bacteroidales,Prevotellaceae,NA,NA
Bacillota,Clostridia,Eubacteriales,NA,NA,NA
Bacteroidota,Bacteroidia,Bacteroidales,Prevotellaceae,NA,NA
Bacillota,Clostridia,Eubacteriales,Lachnospiraceae,NA,NA
Bacteroidota,Bacteroidia,Bacteroidales,Prevotellaceae,NA,NA
Bacillota,Clostridia,Eubacteriales,NA,NA,NA
Bacteroidota,Bacteroidia,Bacteroidales,Prevotellaceae,Prevotella,NA
Bacillota,Clostridia,Eubacteriales,NA,NA,NA
Bacillota,Clostridia,Eubacteriales,NA,NA,NA
Bacillota,Clostridia,Eubacteriales,NA,NA,NA
Bacteroidota,Bacteroidia,Bacteroidales,Prevotellaceae,NA,NA
Bacillota,Clostridia,Eubacteriales,NA,NA,NA
Bacillota,Clostridia,Eubacteriales,NA,NA,NA
Actinomycetota,Actinomycetes,NA,NA,NA,NA
Bacillota,Clostridia,Eubacteriales,Oscillospiraceae,Ruminococcus,NA
Bacteroidota,Bacteroidia,Bacteroidales,Prevotellaceae,Prevotella,NA
Bacteroidota,Bacteroidia,Bacteroidales,Prevotellaceae,Prevotella,NA
Bacillota,Clostridia,Eubacteriales,NA,NA,NA
Bacillota,Clostridia,Eubacteriales,Oscillospiraceae,Ruminococcus,NA
Bacillota,Clostridia,Eubacteriales,NA,NA,NA
Pseudomonadota,NA,NA,NA,NA,NA
Bacteroidota,Bacteroidia,Bacteroidales,Prevotellaceae,NA,NA
Bacillota,Clostridia,Eubacteriales,Lachnospiraceae,NA,NA
Bacteroidota,Bacteroidia,Bacteroidales,Prevotellaceae,NA,NA
Bacillota,Clostridia,Eubacteriales,NA,NA,NA
Bacteroidota,Bacteroidia,Bacteroidales,Prevotellaceae,NA,NA
Bacillota,Negativicutes,Selenomonadales,NA,NA,NA
Bacillota,Clostridia,Eubacteriales,NA,NA,NA
Bacteroidota,Bacteroidia,Bacteroidales,Prevotellaceae,NA,NA
Actinomycetota,Coriobacteriia,Coriobacteriales,Atopobiaceae,Olsenella,NA
Bacillota,Clostridia,Eubacteriales,NA,NA,NA
Bacillota,Clostridia,Eubacteriales,NA,NA,NA
Actinomycetota,Coriobacteriia,Coriobacteriales,Atopobiaceae,Olsenella,NA
NA,NA,NA,NA,NA,NA
Bacillota,Erysipelotrichia,Erysipelotrichales,Coprobacillaceae,Sharpea,NA
Bacillota,Clostridia,Eubacteriales,NA,NA,NA
Bacteroidota,Bacteroidia,Bacteroidales,Prevotellaceae,NA,NA
Bacillota,Clostridia,Eubacteriales,NA,NA,NA
Bacillota,Clostridia,Eubacteriales,NA,NA,NA
Bacillota,Clostridia,Eubacteriales,NA,NA,NA
Bacteroidota,Bacteroidia,Bacteroidales,Prevotellaceae,NA,NA
Bacteroidota,Bacteroidia,Bacteroidales,Prevotellaceae,Prevotella,NA
Bacillota,Clostridia,Eubacteriales,NA,NA,NA
Bacillota,Clostridia,Eubacteriales,NA,NA,NA
Bacillota,NA,NA,NA,NA,NA
Bacillota,Clostridia,Eubacteriales,NA,NA,NA
Bacillota,Clostridia,Eubacteriales,NA,NA,NA
Bacillota,Erysipelotrichia,Erysipelotrichales,Erysipelotrichaceae,NA,NA
Bacillota,Clostridia,Eubacteriales,Lachnospiraceae,NA,NA
Bacillota,NA,NA,NA,NA,NA
Bacillota,Clostridia,Eubacteriales,Lachnospiraceae,NA,NA
Bacillota,Clostridia,Eubacteriales,NA,NA,NA
Pseudomonadota,Gammaproteobacteria,Aeromonadales,Succinivibrionaceae,Succinatimonas,NA
Bacteroidota,Bacteroidia,Bacteroidales,Prevotellaceae,NA,NA
NA,NA,NA,NA,NA,NA
Bacillota,Clostridia,Eubacteriales,NA,NA,NA
Bacteroidota,Bacteroidia,Bacteroidales,Prevotellaceae,NA,NA
Bacillota,Erysipelotrichia,Erysipelotrichales,Erysipelotrichaceae,NA,NA
Bacillota,Clostridia,Eubacteriales,NA,NA,NA
Bacillota,Erysipelotrichia,Erysipelotrichales,Erysipelotrichaceae,NA,NA
Actinomycetota,Actinomycetes,NA,NA,NA,NA
Bacillota,Clostridia,Eubacteriales,Lachnospiraceae,NA,NA
Bacteroidota,Bacteroidia,Bacteroidales,Prevotellaceae,NA,NA
Bacillota,Clostridia,Eubacteriales,NA,NA,NA
Bacteroidota,Bacteroidia,Bacteroidales,Prevotellaceae,NA,NA
Bacillota,Clostridia,Eubacteriales,NA,NA,NA
Bacillota,Clostridia,Eubacteriales,Lachnospiraceae,NA,NA
Bacillota,Clostridia,Eubacteriales,NA,NA,NA
Bacillota,Clostridia,Eubacteriales,NA,NA,NA
Bacillota,Clostridia,Eubacteriales,NA,NA,NA
Bacillota,Clostridia,Eubacteriales,Oscillospiraceae,Ruminococcus,NA
Bacillota,Clostridia,Eubacteriales,NA,NA,NA
Bacillota,Clostridia,Eubacteriales,NA,NA,NA
Bacteroidota,Bacteroidia,Bacteroidales,Prevotellaceae,Prevotella,NA
Bacteroidota,Bacteroidia,Bacteroidales,Prevotellaceae,NA,NA
Bacteroidota,Bacteroidia,Bacteroidales,Prevotellaceae,Prevotella,NA
Pseudomonadota,NA,NA,NA,NA,NA
Bacillota,Clostridia,Eubacteriales,NA,NA,NA
Bacillota,Clostridia,Eubacteriales,NA,NA,NA
Bacillota,Clostridia,Eubacteriales,Oscillospiraceae,Ruminococcus,NA
Bacillota,NA,NA,NA,NA,NA
Bacillota,Clostridia,Eubacteriales,NA,NA,NA
Bacteroidota,Bacteroidia,Bacteroidales,Prevotellaceae,NA,NA
Bacillota,Clostridia,Eubacteriales,NA,NA,NA
Bacillota,Clostridia,Eubacteriales,NA,NA,NA
Bacteroidota,Bacteroidia,Bacteroidales,Prevotellaceae,NA,NA
Bacteroidota,Bacteroidia,Bacteroidales,Prevotellaceae,NA,NA
Bacillota,Clostridia,Eubacteriales,NA,NA,NA
Bacillota,Clostridia,Eubacteriales,NA,NA,NA
Actinomycetota,Coriobacteriia,Coriobacteriales,Atopobiaceae,Olsenella,NA
Bacteroidota,Bacteroidia,Bacteroidales,Prevotellaceae,NA,NA
Bacillota,Clostridia,Eubacteriales,NA,NA,NA
Actinomycetota,Coriobacteriia,Coriobacteriales,Atopobiaceae,Olsenella,NA
Bacillota,Clostridia,Eubacteriales,Lachnospiraceae,NA,NA
Bacteroidota,Bacteroidia,Bacteroidales,Prevotellaceae,NA,NA
Bacillota,Clostridia,Eubacteriales,NA,NA,NA
Bacillota,Erysipelotrichia,Erysipelotrichales,Erysipelotrichaceae,NA,NA
Bacillota,Erysipelotrichia,Erysipelotrichales,Erysipelotrichaceae,NA,NA
Bacillota,Negativicutes,Selenomonadales,NA,NA,NA
Bacteroidota,Bacteroidia,Bacteroidales,Prevotellaceae,NA,NA
Bacillota,Erysipelotrichia,Erysipelotrichales,Erysipelotrichaceae,NA,NA
Bacteroidota,Bacteroidia,Bacteroidales,Prevotellaceae,NA,NA
Bacillota,Clostridia,Eubacteriales,NA,NA,NA
Bacteroidota,Bacteroidia,Bacteroidales,Prevotellaceae,NA,NA
Bacillota,Erysipelotrichia,Erysipelotrichales,Erysipelotrichaceae,NA,NA
Bacteroidota,Bacteroidia,Bacteroidales,Prevotellaceae,NA,NA
Bacillota,Clostridia,Eubacteriales,Lachnospiraceae,NA,NA
Bacillota,Clostridia,Eubacteriales,NA,NA,NA
Bacillota,Clostridia,Eubacteriales,NA,NA,NA
Spirochaetota,Spirochaetia,Spirochaetales,Spirochaetaceae,NA,NA
Bacillota,Clostridia,Eubacteriales,Lachnospiraceae,NA,NA
Bacillota,Clostridia,Eubacteriales,NA,NA,NA
Bacillota,Clostridia,Eubacteriales,NA,NA,NA
Bacteroidota,Bacteroidia,Bacteroidales,Prevotellaceae,Prevotella,NA
Bacillota,Clostridia,Eubacteriales,NA,NA,NA
Pseudomonadota,NA,NA,NA,NA,NA
Bacteroidota,Bacteroidia,Bacteroidales,Prevotellaceae,NA,NA
Bacillota,Clostridia,Eubacteriales,NA,NA,NA
Bacillota,Clostridia,Eubacteriales,NA,NA,NA
Bacillota,Clostridia,Eubacteriales,Oscillospiraceae,Ruminococcus,NA
Bacteroidota,Bacteroidia,Bacteroidales,Prevotellaceae,Prevotella,NA
Bacillota,Clostridia,Eubacteriales,NA,NA,NA
Bacteroidota,Bacteroidia,Bacteroidales,Prevotellaceae,NA,NA
Bacteroidota,Bacteroidia,Bacteroidales,Prevotellaceae,Prevotella,NA
Bacteroidota,Bacteroidia,Bacteroidales,Prevotellaceae,NA,NA
Bacillota,Clostridia,Eubacteriales,NA,NA,NA
Bacteroidota,Bacteroidia,Bacteroidales,Prevotellaceae,NA,NA
Bacillota,Clostridia,Eubacteriales,Lachnospiraceae,NA,NA
Bacillota,NA,NA,NA,NA,NA
Actinomycetota,Actinomycetes,NA,NA,NA,NA
Bacteroidota,Bacteroidia,Bacteroidales,Prevotellaceae,Prevotella,NA
Bacteroidota,Bacteroidia,Bacteroidales,Prevotellaceae,NA,NA
Pseudomonadota,NA,NA,NA,NA,NA
Pseudomonadota,NA,NA,NA,NA,NA
Bacillota,Clostridia,Eubacteriales,Oscillospiraceae,Ruminococcus,NA
Bacteroidota,Bacteroidia,Bacteroidales,Prevotellaceae,Prevotella,NA
Bacteroidota,Bacteroidia,Bacteroidales,Prevotellaceae,Prevotella,NA
Bacillota,Clostridia,Eubacteriales,Lachnospiraceae,NA,NA
Bacillota,Clostridia,Eubacteriales,NA,NA,NA
Bacillota,Clostridia,Eubacteriales,NA,NA,NA
Bacillota,Clostridia,Eubacteriales,Lachnospiraceae,NA,NA
Bacteroidota,Bacteroidia,Bacteroidales,Prevotellaceae,NA,NA
Planctomycetota,NA,NA,NA,NA,NA
Bacillota,Clostridia,Eubacteriales,NA,NA,NA
Bacillota,Clostridia,Eubacteriales,NA,NA,NA
Bacteroidota,Bacteroidia,Bacteroidales,Prevotellaceae,NA,NA
Bacteroidota,Bacteroidia,Bacteroidales,Prevotellaceae,Prevotella,NA
Bacteroidota,Bacteroidia,Bacteroidales,Prevotellaceae,Prevotella,NA
Bacteroidota,Bacteroidia,Bacteroidales,Prevotellaceae,NA,NA
Planctomycetota,NA,NA,NA,NA,NA
Pseudomonadota,Alphaproteobacteria,Rhodospirillales,Rhodospirillaceae,NA,NA
Bacteroidota,Bacteroidia,Bacteroidales,Prevotellaceae,NA,NA
Bacteroidota,Bacteroidia,Bacteroidales,Prevotellaceae,Prevotella,NA
Bacteroidota,Bacteroidia,Bacteroidales,Prevotellaceae,NA,NA
Bacillota,Erysipelotrichia,Erysipelotrichales,Erysipelotrichaceae,NA,NA
Bacillota,Clostridia,Eubacteriales,NA,NA,NA
Bacillota,Clostridia,Eubacteriales,NA,NA,NA
Bacillota,Clostridia,Eubacteriales,NA,NA,NA
Bacillota,Clostridia,Eubacteriales,NA,NA,NA
Bacillota,Clostridia,Eubacteriales,Lachnospiraceae,NA,NA
Bacillota,NA,NA,NA,NA,NA
Bacillota,Clostridia,Eubacteriales,NA,NA,NA
Bacillota,Clostridia,Eubacteriales,NA,NA,NA
Bacteroidota,Bacteroidia,Bacteroidales,Prevotellaceae,NA,NA
Bacillota,Clostridia,Eubacteriales,NA,NA,NA
Bacillota,Erysipelotrichia,Erysipelotrichales,Erysipelotrichaceae,NA,NA
Bacillota,Clostridia,Eubacteriales,NA,NA,NA
Bacillota,Erysipelotrichia,Erysipelotrichales,Erysipelotrichaceae,NA,NA
Bacillota,Clostridia,Eubacteriales,NA,NA,NA
Lentisphaerota,NA,NA,NA,NA,NA
Bacteroidota,Bacteroidia,Bacteroidales,Prevotellaceae,NA,NA
Bacteroidota,Bacteroidia,Bacteroidales,Prevotellaceae,NA,NA
Actinomycetota,Coriobacteriia,Coriobacteriales,Atopobiaceae,Olsenella,NA
Bacillota,Clostridia,Eubacteriales,NA,NA,NA
Bacteroidota,Bacteroidia,Bacteroidales,Prevotellaceae,NA,NA
Bacillota,Clostridia,Eubacteriales,NA,NA,NA
Bacillota,Clostridia,Eubacteriales,NA,NA,NA
Bacillota,Clostridia,Eubacteriales,NA,NA,NA
Bacillota,Clostridia,Eubacteriales,Lachnospiraceae,NA,NA
Bacteroidota,Bacteroidia,Bacteroidales,Prevotellaceae,NA,NA
Pseudomonadota,NA,NA,NA,NA,NA
Bacillota,Clostridia,Eubacteriales,Lachnospiraceae,NA,NA
Bacillota,Clostridia,Eubacteriales,NA,NA,NA
Bacillota,Clostridia,Eubacteriales,NA,NA,NA
Bacteroidota,Bacteroidia,Bacteroidales,Prevotellaceae,NA,NA
Bacillota,Clostridia,Eubacteriales,NA,NA,NA
Bacillota,Clostridia,Eubacteriales,NA,NA,NA
Bacillota,Clostridia,Eubacteriales,Lachnospiraceae,NA,NA
Bacteroidota,Bacteroidia,Bacteroidales,Prevotellaceae,NA,NA
Bacteroidota,Bacteroidia,Bacteroidales,Prevotellaceae,Prevotella,NA
Bacteroidota,Bacteroidia,Bacteroidales,Prevotellaceae,Prevotella,NA
Bacillota,Clostridia,Eubacteriales,NA,NA,NA
Bacteroidota,Bacteroidia,Bacteroidales,Prevotellaceae,NA,NA
Bacillota,Clostridia,Eubacteriales,Lachnospiraceae,NA,NA
Pseudomonadota,Alphaproteobacteria,Rhodospirillales,Rhodospirillaceae,NA,NA
Bacillota,Negativicutes,Acidaminococcales,Acidaminococcaceae,Acidaminococcus,NA
Bacteroidota,Bacteroidia,Bacteroidales,Prevotellaceae,Prevotella,NA
Bacillota,Clostridia,Eubacteriales,NA,NA,NA
Bacteroidota,Bacteroidia,Bacteroidales,Prevotellaceae,NA,NA
Lentisphaerota,NA,NA,NA,NA,NA
Pseudomonadota,Gammaproteobacteria,Aeromonadales,Succinivibrionaceae,Succinatimonas,NA
Bacillota,Negativicutes,Selenomonadales,NA,NA,NA
Actinomycetota,Coriobacteriia,Coriobacteriales,Atopobiaceae,Olsenella,NA
Bacillota,Clostridia,Eubacteriales,NA,NA,NA
Bacillota,Clostridia,Eubacteriales,NA,NA,NA
Bacillota,Clostridia,Eubacteriales,NA,NA,NA
Actinomycetota,Coriobacteriia,Coriobacteriales,Atopobiaceae,Olsenella,NA
Bacillota,Clostridia,Eubacteriales,NA,NA,NA
Bacillota,Clostridia,Eubacteriales,NA,NA,NA
Bacillota,Clostridia,Eubacteriales,NA,NA,NA
Bacillota,Clostridia,Eubacteriales,NA,NA,NA
Bacillota,Negativicutes,Selenomonadales,NA,NA,NA
Bacteroidota,Bacteroidia,Bacteroidales,Prevotellaceae,Prevotella,NA
Bacillota,Clostridia,Eubacteriales,Lachnospiraceae,NA,NA
Bacteroidota,Bacteroidia,Bacteroidales,Prevotellaceae,NA,NA
Bacillota,Clostridia,Eubacteriales,NA,NA,NA
Bacillota,Clostridia,Eubacteriales,NA,NA,NA
Bacillota,Clostridia,Eubacteriales,Lachnospiraceae,NA,NA
Bacillota,Clostridia,Eubacteriales,NA,NA,NA
Bacteroidota,Bacteroidia,Bacteroidales,Prevotellaceae,NA,NA
Bacillota,Clostridia,Eubacteriales,NA,NA,NA
Bacillota,Negativicutes,Veillonellales,Veillonellaceae,NA,NA
Bacillota,Clostridia,Eubacteriales,NA,NA,NA
Bacteroidota,Bacteroidia,Bacteroidales,Prevotellaceae,Prevotella,NA
Bacillota,Clostridia,Eubacteriales,Eubacteriaceae,Eubacterium,NA
Lentisphaerota,NA,NA,NA,NA,NA
Bacillota,Erysipelotrichia,Erysipelotrichales,Erysipelotrichaceae,NA,NA
Bacillota,Clostridia,Eubacteriales,NA,NA,NA
Actinomycetota,Actinomycetes,NA,NA,NA,NA
Actinomycetota,Actinomycetes,NA,NA,NA,NA
Bacillota,Clostridia,Eubacteriales,NA,NA,NA
Bacillota,Clostridia,Eubacteriales,NA,NA,NA
Fibrobacterota,Fibrobacteria,Fibrobacterales,Fibrobacteraceae,Fibrobacter,NA
Bacillota,Clostridia,Eubacteriales,NA,NA,NA
Pseudomonadota,Gammaproteobacteria,NA,NA,NA,NA
Bacillota,Clostridia,Eubacteriales,Lachnospiraceae,NA,NA
Bacillota,Clostridia,Eubacteriales,NA,NA,NA
Spirochaetota,Spirochaetia,Spirochaetales,Treponemataceae,Treponema,NA
Bacteroidota,Bacteroidia,Bacteroidales,Prevotellaceae,NA,NA
Actinomycetota,Actinomycetes,NA,NA,NA,NA
Bacillota,Clostridia,Eubacteriales,NA,NA,NA
Bacteroidota,Bacteroidia,Bacteroidales,Prevotellaceae,Prevotella,NA
Bacteroidota,Bacteroidia,Bacteroidales,Prevotellaceae,NA,NA
Bacillota,Clostridia,Eubacteriales,NA,NA,NA
Bacillota,Clostridia,Eubacteriales,NA,NA,NA
Bacillota,Clostridia,Eubacteriales,Lachnospiraceae,NA,NA
Bacillota,Clostridia,Eubacteriales,Lachnospiraceae,NA,NA
Bacteroidota,Bacteroidia,Bacteroidales,Prevotellaceae,Prevotella,NA
Pseudomonadota,Gammaproteobacteria,Moraxellales,Moraxellaceae,Acinetobacter,NA
Bacillota,Negativicutes,Selenomonadales,NA,NA,NA
Pseudomonadota,NA,NA,NA,NA,NA
Bacillota,Clostridia,Eubacteriales,NA,NA,NA
Bacillota,Clostridia,Eubacteriales,NA,NA,NA
Bacteroidota,Bacteroidia,Bacteroidales,Prevotellaceae,Prevotella,NA
Bacillota,Clostridia,Eubacteriales,NA,NA,NA
Bacteroidota,Bacteroidia,Bacteroidales,Prevotellaceae,NA,NA
Bacillota,Clostridia,Eubacteriales,Lachnospiraceae,NA,NA
Bacillota,Clostridia,Eubacteriales,Lachnospiraceae,NA,NA
Bacillota,Clostridia,Eubacteriales,NA,NA,NA
Bacillota,Clostridia,Eubacteriales,Oscillospiraceae,Ruminococcus,NA
Bacteroidota,Bacteroidia,Bacteroidales,Prevotellaceae,NA,NA
Bacillota,Negativicutes,Veillonellales,Veillonellaceae,NA,NA
Bacillota,Clostridia,Eubacteriales,NA,NA,NA
Bacillota,Negativicutes,Veillonellales,Veillonellaceae,Dialister,NA
Bacillota,Negativicutes,Selenomonadales,NA,NA,NA
Bacillota,Clostridia,Eubacteriales,NA,NA,NA
Elusimicrobiota,Elusimicrobia,Elusimicrobiales,Elusimicrobiaceae,Elusimicrobium,NA
Bacillota,Clostridia,Eubacteriales,NA,NA,NA
Bacteroidota,Bacteroidia,Bacteroidales,Prevotellaceae,Prevotella,NA
Bacteroidota,Bacteroidia,Bacteroidales,Prevotellaceae,NA,NA
Bacillota,Clostridia,Eubacteriales,NA,NA,NA
Actinomycetota,Actinomycetes,NA,NA,NA,NA
Fibrobacterota,Fibrobacteria,Fibrobacterales,Fibrobacteraceae,Fibrobacter,NA
Bacillota,Clostridia,Eubacteriales,NA,NA,NA
Bacillota,Clostridia,Eubacteriales,NA,NA,NA
Bacillota,Clostridia,Eubacteriales,NA,NA,NA
Bacillota,Clostridia,Eubacteriales,NA,NA,NA
Bacillota,Clostridia,Eubacteriales,NA,NA,NA
Bacillota,Negativicutes,Veillonellales,Veillonellaceae,NA,NA
Bacteroidota,Bacteroidia,Bacteroidales,Prevotellaceae,NA,NA
Bacteroidota,Bacteroidia,Bacteroidales,Prevotellaceae,NA,NA
Bacillota,Clostridia,Eubacteriales,NA,NA,NA
Spirochaetota,Spirochaetia,Spirochaetales,Treponemataceae,Treponema,NA
Bacillota,Erysipelotrichia,Erysipelotrichales,Erysipelotrichaceae,NA,NA
Bacillota,Clostridia,Eubacteriales,NA,NA,NA
Bacteroidota,Bacteroidia,Bacteroidales,Prevotellaceae,NA,NA
Bacillota,Negativicutes,Selenomonadales,NA,NA,NA
Bacillota,Clostridia,Eubacteriales,Lachnospiraceae,NA,NA
Bacillota,Clostridia,Eubacteriales,NA,NA,NA
Bacillota,Clostridia,Eubacteriales,Lachnospiraceae,NA,NA
Bacteroidota,Bacteroidia,Bacteroidales,Prevotellaceae,NA,NA
Bacteroidota,Bacteroidia,Bacteroidales,Prevotellaceae,NA,NA
Bacillota,Clostridia,Eubacteriales,NA,NA,NA
Bacteroidota,Bacteroidia,Bacteroidales,Prevotellaceae,NA,NA
Bacillota,Clostridia,Eubacteriales,Lachnospiraceae,NA,NA
Bacillota,Clostridia,Eubacteriales,NA,NA,NA
Bacillota,Clostridia,Eubacteriales,NA,NA,NA
Bacillota,Clostridia,Eubacteriales,Lachnospiraceae,NA,NA
Bacillota,Clostridia,Eubacteriales,NA,NA,NA
Bacillota,Clostridia,Eubacteriales,NA,NA,NA
Bacillota,Clostridia,Eubacteriales,NA,NA,NA
Bacillota,Clostridia,Eubacteriales,NA,NA,NA
Bacillota,Clostridia,Eubacteriales,Oscillospiraceae,Ruminococcus,NA
Bacteroidota,Bacteroidia,Bacteroidales,Prevotellaceae,NA,NA
Bacillota,Clostridia,Eubacteriales,NA,NA,NA
Bacillota,Clostridia,Eubacteriales,NA,NA,NA
Bacillota,Erysipelotrichia,Erysipelotrichales,Coprobacillaceae,Sharpea,NA
Bacillota,Erysipelotrichia,Erysipelotrichales,Erysipelotrichaceae,NA,NA
NA,NA,NA,NA,NA,NA
Bacillota,Clostridia,Eubacteriales,NA,NA,NA
Bacillota,Negativicutes,Veillonellales,Veillonellaceae,NA,NA
Bacillota,Clostridia,Eubacteriales,NA,NA,NA
Bacillota,Negativicutes,Selenomonadales,NA,NA,NA
Bacillota,Clostridia,Eubacteriales,Oscillospiraceae,Ruminococcus,NA
Bacillota,Clostridia,Eubacteriales,NA,NA,NA
Bacillota,Clostridia,Eubacteriales,NA,NA,NA
Bacillota,Clostridia,Eubacteriales,Lachnospiraceae,NA,NA
Bacillota,Clostridia,Eubacteriales,NA,NA,NA
Bacillota,Clostridia,Eubacteriales,NA,NA,NA
Bacillota,Clostridia,Eubacteriales,NA,NA,NA
Bacillota,Clostridia,Eubacteriales,NA,NA,NA
Bacillota,NA,NA,NA,NA,NA
Bacillota,Clostridia,Eubacteriales,NA,NA,NA
Bacteroidota,Bacteroidia,Bacteroidales,Prevotellaceae,Prevotella,NA
Bacteroidota,Bacteroidia,Bacteroidales,Prevotellaceae,NA,NA
Bacillota,Clostridia,Eubacteriales,NA,NA,NA
Bacillota,Clostridia,Eubacteriales,NA,NA,NA
Pseudomonadota,NA,NA,NA,NA,NA
Bacillota,Clostridia,Eubacteriales,NA,NA,NA
Bacteroidota,Bacteroidia,Bacteroidales,Prevotellaceae,Prevotella,NA
Bacillota,Erysipelotrichia,Erysipelotrichales,Erysipelotrichaceae,NA,NA
Spirochaetota,Spirochaetia,Spirochaetales,Treponemataceae,Treponema,NA
Bacteroidota,Bacteroidia,Bacteroidales,Prevotellaceae,NA,NA
Bacteroidota,Bacteroidia,Bacteroidales,Prevotellaceae,NA,NA
Bacillota,Clostridia,Eubacteriales,NA,NA,NA
Bacillota,Clostridia,Eubacteriales,Lachnospiraceae,NA,NA
Bacillota,Clostridia,Eubacteriales,NA,NA,NA
Elusimicrobiota,Elusimicrobia,Elusimicrobiales,Elusimicrobiaceae,Elusimicrobium,NA
Actinomycetota,Actinomycetes,Streptosporangiales,Nocardiopsaceae,Thermobifida,fusca
Bacillota,Clostridia,Eubacteriales,NA,NA,NA
Bacillota,Clostridia,Eubacteriales,NA,NA,NA
Bacillota,Clostridia,Eubacteriales,NA,NA,NA
Bacillota,Clostridia,Eubacteriales,NA,NA,NA
Spirochaetota,Spirochaetia,Brachyspirales,Brachyspiraceae,Brachyspira,NA
Bacillota,Erysipelotrichia,Erysipelotrichales,Erysipelotrichaceae,NA,NA
Bacteroidota,Bacteroidia,Bacteroidales,Prevotellaceae,NA,NA
Bacillota,Clostridia,Eubacteriales,NA,NA,NA
Bacteroidota,Bacteroidia,Bacteroidales,Prevotellaceae,Prevotella,NA
Actinomycetota,Actinomycetes,NA,NA,NA,NA
Bacillota,Clostridia,Eubacteriales,NA,NA,NA
Bacillota,Clostridia,Eubacteriales,Lachnospiraceae,NA,NA
Bacillota,Clostridia,Eubacteriales,Oscillospiraceae,Ruminococcus,NA
NA,NA,NA,NA,NA,NA
Bacillota,Clostridia,Eubacteriales,Lachnospiraceae,NA,NA
Bacillota,Clostridia,Eubacteriales,NA,NA,NA
Bacteroidota,Bacteroidia,Bacteroidales,Prevotellaceae,NA,NA
Bacteroidota,Bacteroidia,Bacteroidales,Prevotellaceae,NA,NA
Bacillota,Clostridia,Eubacteriales,NA,NA,NA
Bacteroidota,Bacteroidia,Bacteroidales,Prevotellaceae,NA,NA
Bacillota,Clostridia,Eubacteriales,Lachnospiraceae,NA,NA
Bacillota,Clostridia,Eubacteriales,NA,NA,NA
Bacillota,Clostridia,Eubacteriales,NA,NA,NA
Bacteroidota,Bacteroidia,Bacteroidales,Prevotellaceae,Prevotella,NA
Bacteroidota,Bacteroidia,Bacteroidales,Prevotellaceae,NA,NA
Bacillota,Clostridia,Eubacteriales,NA,NA,NA
Bacillota,Bacilli,Lactobacillales,Streptococcaceae,Streptococcus,NA
Bacillota,Clostridia,Eubacteriales,NA,NA,NA
Actinomycetota,Actinomycetes,NA,NA,NA,NA
Bacillota,Clostridia,Eubacteriales,Lachnospiraceae,NA,NA
Bacillota,Clostridia,NA,NA,NA,NA
Bacteroidota,Bacteroidia,Bacteroidales,Prevotellaceae,NA,NA
Bacillota,Clostridia,Eubacteriales,Lachnospiraceae,NA,NA
Bacillota,Clostridia,Eubacteriales,Lachnospiraceae,NA,NA
Bacteroidota,Bacteroidia,Bacteroidales,Prevotellaceae,NA,NA
Bacteroidota,Bacteroidia,Bacteroidales,Prevotellaceae,NA,NA
Bacillota,Erysipelotrichia,Erysipelotrichales,Erysipelotrichaceae,NA,NA
Bacillota,Clostridia,Eubacteriales,NA,NA,NA
Bacteroidota,Bacteroidia,Bacteroidales,Prevotellaceae,NA,NA
Bacillota,Clostridia,Eubacteriales,Lachnospiraceae,NA,NA
Bacillota,Clostridia,Eubacteriales,NA,NA,NA
Bacteroidota,Bacteroidia,Bacteroidales,Prevotellaceae,NA,NA
Bacteroidota,Bacteroidia,Bacteroidales,Prevotellaceae,Prevotella,NA
Bacteroidota,Bacteroidia,Bacteroidales,Prevotellaceae,Prevotella,NA
Bacillota,Clostridia,Eubacteriales,NA,NA,NA
Bacillota,Clostridia,Eubacteriales,NA,NA,NA
Bacillota,Clostridia,Eubacteriales,Lachnospiraceae,NA,NA
Bacillota,Clostridia,Eubacteriales,NA,NA,NA
Bacillota,Clostridia,Eubacteriales,NA,NA,NA
Bacillota,Clostridia,Eubacteriales,NA,NA,NA
Spirochaetota,Spirochaetia,Spirochaetales,Spirochaetaceae,NA,NA
Bacteroidota,Bacteroidia,Bacteroidales,Prevotellaceae,Prevotella,NA
Bacillota,Clostridia,Eubacteriales,NA,NA,NA
Bacteroidota,Bacteroidia,Bacteroidales,Prevotellaceae,NA,NA
Bacteroidota,Bacteroidia,Bacteroidales,Prevotellaceae,NA,NA
Bacillota,Clostridia,Eubacteriales,NA,NA,NA
Pseudomonadota,NA,NA,NA,NA,NA
Bacillota,Clostridia,Eubacteriales,Lachnospiraceae,NA,NA
Bacillota,Erysipelotrichia,Erysipelotrichales,Coprobacillaceae,Sharpea,NA
Bacteroidota,Bacteroidia,Bacteroidales,Prevotellaceae,NA,NA
Bacillota,Clostridia,Eubacteriales,NA,NA,NA
NA,NA,NA,NA,NA,NA
Bacteroidota,Bacteroidia,Bacteroidales,Prevotellaceae,NA,NA
Thermodesulfobacteriota,Desulfovibrionia,Desulfovibrionales,Desulfovibrionaceae,Desulfovibrio,NA
Bacteroidota,Bacteroidia,Bacteroidales,Prevotellaceae,Prevotella,NA
Bacillota,Clostridia,Eubacteriales,Lachnospiraceae,NA,NA
Bacillota,Clostridia,Eubacteriales,NA,NA,NA
Bacillota,Erysipelotrichia,Erysipelotrichales,Coprobacillaceae,Sharpea,NA
Bacillota,Erysipelotrichia,Erysipelotrichales,Erysipelotrichaceae,NA,NA
Bacillota,Clostridia,Eubacteriales,NA,NA,NA
Bacillota,Clostridia,Eubacteriales,NA,NA,NA
NA,NA,NA,NA,NA,NA
Bacillota,Clostridia,Eubacteriales,NA,NA,NA
Bacillota,Clostridia,Eubacteriales,NA,NA,NA
Actinomycetota,Coriobacteriia,Coriobacteriales,Atopobiaceae,Olsenella,NA
Bacteroidota,Bacteroidia,Bacteroidales,Prevotellaceae,Prevotella,NA
Bacillota,Clostridia,Eubacteriales,NA,NA,NA
Bacteroidota,Bacteroidia,Bacteroidales,Prevotellaceae,NA,NA
Bacillota,Clostridia,Eubacteriales,NA,NA,NA
Actinomycetota,Coriobacteriia,Coriobacteriales,Atopobiaceae,Olsenella,NA
Bacillota,Clostridia,Eubacteriales,NA,NA,NA
Bacteroidota,Bacteroidia,Bacteroidales,Prevotellaceae,NA,NA
Bacillota,Clostridia,Eubacteriales,NA,NA,NA
Bacillota,Erysipelotrichia,Erysipelotrichales,Erysipelotrichaceae,NA,NA
Bacteroidota,Bacteroidia,Bacteroidales,Prevotellaceae,Prevotella,NA
Bacillota,Clostridia,Eubacteriales,Lachnospiraceae,NA,NA
Spirochaetota,Spirochaetia,Spirochaetales,Spirochaetaceae,NA,NA
Bacillota,Clostridia,Eubacteriales,NA,NA,NA
Bacteroidota,Bacteroidia,Bacteroidales,Prevotellaceae,NA,NA
Bacillota,Clostridia,Eubacteriales,Lachnospiraceae,NA,NA
Bacillota,Clostridia,Eubacteriales,Lachnospiraceae,NA,NA
Bacteroidota,Bacteroidia,Bacteroidales,Prevotellaceae,NA,NA
Bacillota,Clostridia,Eubacteriales,NA,NA,NA
Bacillota,Clostridia,Eubacteriales,NA,NA,NA
Bacillota,Clostridia,Eubacteriales,NA,NA,NA
Bacteroidota,Bacteroidia,Bacteroidales,Prevotellaceae,NA,NA
Bacteroidota,Bacteroidia,Bacteroidales,Prevotellaceae,Prevotella,NA
Elusimicrobiota,Elusimicrobia,NA,NA,NA,NA
Elusimicrobiota,Elusimicrobia,NA,NA,NA,NA
Bacillota,Clostridia,Eubacteriales,NA,NA,NA
Bacteroidota,Bacteroidia,Bacteroidales,Prevotellaceae,NA,NA
Bacillota,Clostridia,Eubacteriales,NA,NA,NA
Bacillota,Erysipelotrichia,Erysipelotrichales,Erysipelotrichaceae,NA,NA
Bacteroidota,Bacteroidia,Bacteroidales,Prevotellaceae,NA,NA
Bacillota,Clostridia,Eubacteriales,NA,NA,NA
Bacteroidota,Bacteroidia,Bacteroidales,Prevotellaceae,NA,NA
NA,NA,NA,NA,NA,NA
Bacillota,Clostridia,Eubacteriales,NA,NA,NA
Bacteroidota,Bacteroidia,Bacteroidales,Prevotellaceae,Prevotella,NA
Bacillota,Clostridia,Eubacteriales,NA,NA,NA
Bacteroidota,Bacteroidia,Bacteroidales,Prevotellaceae,NA,NA
Elusimicrobiota,Elusimicrobia,Elusimicrobiales,Elusimicrobiaceae,Elusimicrobium,NA
Bacteroidota,Bacteroidia,Bacteroidales,Prevotellaceae,NA,NA
Bacteroidota,Bacteroidia,Bacteroidales,Prevotellaceae,Prevotella,NA
Bacillota,Negativicutes,Acidaminococcales,Acidaminococcaceae,Acidaminococcus,fermentans
Bacillota,Clostridia,Eubacteriales,NA,NA,NA
Bacillota,Clostridia,Eubacteriales,NA,NA,NA
Bacillota,Clostridia,Eubacteriales,NA,NA,NA
Bacillota,Clostridia,Eubacteriales,NA,NA,NA
Actinomycetota,Coriobacteriia,Coriobacteriales,Atopobiaceae,Olsenella,NA
Bacillota,Clostridia,Eubacteriales,NA,NA,NA
Bacteroidota,Bacteroidia,Bacteroidales,Prevotellaceae,NA,NA
Bacillota,Clostridia,Eubacteriales,NA,NA,NA
Bacillota,Clostridia,Eubacteriales,NA,NA,NA
Bacillota,Clostridia,Eubacteriales,Lachnospiraceae,NA,NA
Bacillota,NA,NA,NA,NA,NA
Bacillota,Negativicutes,Acidaminococcales,Acidaminococcaceae,Acidaminococcus,NA
Bacillota,Clostridia,Eubacteriales,NA,NA,NA
Bacillota,Clostridia,Eubacteriales,Lachnospiraceae,NA,NA
Bacillota,NA,NA,NA,NA,NA
Bacillota,Clostridia,Eubacteriales,NA,NA,NA
Bacteroidota,Bacteroidia,Bacteroidales,Prevotellaceae,NA,NA
Pseudomonadota,Alphaproteobacteria,Rhodospirillales,Rhodospirillaceae,NA,NA
Bacteroidota,Bacteroidia,Bacteroidales,Prevotellaceae,Prevotella,NA
Bacteroidota,Bacteroidia,Bacteroidales,Prevotellaceae,NA,NA
Bacteroidota,Bacteroidia,Bacteroidales,Prevotellaceae,NA,NA
Bacillota,Negativicutes,Selenomonadales,NA,NA,NA
Bacillota,NA,NA,NA,NA,NA
Bacillota,Clostridia,Eubacteriales,NA,NA,NA
Spirochaetota,Spirochaetia,Spirochaetales,Treponemataceae,Treponema,NA
Bacillota,Clostridia,Eubacteriales,NA,NA,NA
Bacillota,Clostridia,Eubacteriales,NA,NA,NA
Bacillota,Clostridia,Eubacteriales,NA,NA,NA
NA,NA,NA,NA,NA,NA
Pseudomonadota,Gammaproteobacteria,Aeromonadales,Succinivibrionaceae,Succinatimonas,NA
Bacillota,Clostridia,Eubacteriales,NA,NA,NA
Bacillota,Clostridia,Eubacteriales,Lachnospiraceae,NA,NA
Bacillota,Clostridia,Eubacteriales,NA,NA,NA
Bacteroidota,Bacteroidia,Bacteroidales,Prevotellaceae,NA,NA
Bacillota,Clostridia,Eubacteriales,Lachnospiraceae,NA,NA
Bacillota,Clostridia,Eubacteriales,NA,NA,NA
Bacteroidota,Bacteroidia,Bacteroidales,Prevotellaceae,NA,NA
Bacteroidota,Bacteroidia,Bacteroidales,Prevotellaceae,NA,NA
Bacillota,Negativicutes,Veillonellales,Veillonellaceae,NA,NA
Bacillota,Clostridia,Eubacteriales,NA,NA,NA
Bacillota,Erysipelotrichia,Erysipelotrichales,Erysipelotrichaceae,NA,NA
Bacillota,Negativicutes,Veillonellales,Veillonellaceae,NA,NA
Bacillota,Clostridia,Eubacteriales,NA,NA,NA
Bacteroidota,Bacteroidia,Bacteroidales,Prevotellaceae,NA,NA
Bacillota,Clostridia,Eubacteriales,Lachnospiraceae,NA,NA
Bacteroidota,Bacteroidia,Bacteroidales,Prevotellaceae,NA,NA
Bacillota,Clostridia,Eubacteriales,NA,NA,NA
Bacteroidota,Bacteroidia,Bacteroidales,Prevotellaceae,Prevotella,NA
Bacteroidota,Bacteroidia,Bacteroidales,Prevotellaceae,Prevotella,NA
Bacillota,Clostridia,Eubacteriales,NA,NA,NA
Bacillota,Clostridia,Eubacteriales,Lachnospiraceae,NA,NA
Bacillota,Clostridia,Eubacteriales,NA,NA,NA
Bacteroidota,Bacteroidia,Bacteroidales,Prevotellaceae,Prevotella,NA
Bacillota,Clostridia,Eubacteriales,NA,NA,NA
Bacteroidota,Bacteroidia,Bacteroidales,Prevotellaceae,NA,NA
Bacillota,Clostridia,Eubacteriales,NA,NA,NA
Bacillota,Clostridia,Eubacteriales,NA,NA,NA
Bacteroidota,Bacteroidia,Bacteroidales,Prevotellaceae,Prevotella,NA
Bacillota,Clostridia,Eubacteriales,NA,NA,NA
Bacillota,Clostridia,Eubacteriales,NA,NA,NA
Actinomycetota,Actinomycetes,NA,NA,NA,NA
Bacteroidota,Bacteroidia,Bacteroidales,Prevotellaceae,Prevotella,NA
Elusimicrobiota,Elusimicrobia,Elusimicrobiales,Elusimicrobiaceae,Elusimicrobium,NA
Actinomycetota,Coriobacteriia,Coriobacteriales,Atopobiaceae,Olsenella,NA
Bacillota,Clostridia,Eubacteriales,NA,NA,NA
Bacillota,Clostridia,Eubacteriales,NA,NA,NA
Bacteroidota,Bacteroidia,Bacteroidales,Prevotellaceae,Prevotella,NA
Bacillota,Clostridia,Eubacteriales,Lachnospiraceae,NA,NA
Bacillota,Clostridia,Eubacteriales,NA,NA,NA
Bacillota,Negativicutes,Selenomonadales,NA,NA,NA
Spirochaetota,Spirochaetia,Spirochaetales,Treponemataceae,Treponema,NA
Bacillota,Clostridia,Eubacteriales,NA,NA,NA
Bacillota,Clostridia,Eubacteriales,NA,NA,NA
Bacillota,Clostridia,Eubacteriales,NA,NA,NA
Bacillota,Clostridia,Eubacteriales,Lachnospiraceae,NA,NA
Bacillota,Clostridia,Eubacteriales,NA,NA,NA
Bacteroidota,Bacteroidia,Bacteroidales,Prevotellaceae,NA,NA
Pseudomonadota,Alphaproteobacteria,Rhodospirillales,Rhodospirillaceae,NA,NA
Bacteroidota,Bacteroidia,Bacteroidales,Prevotellaceae,NA,NA
Bacillota,Erysipelotrichia,Erysipelotrichales,Erysipelotrichaceae,NA,NA
Bacillota,Clostridia,Eubacteriales,Lachnospiraceae,NA,NA
Bacillota,Negativicutes,NA,NA,NA,NA
Actinomycetota,Actinomycetes,Bifidobacteriales,Bifidobacteriaceae,Bifidobacterium,merycicum
Bacillota,Clostridia,Eubacteriales,Lachnospiraceae,NA,NA
Bacillota,Clostridia,Eubacteriales,Lachnospiraceae,NA,NA
Bacteroidota,Bacteroidia,Bacteroidales,Prevotellaceae,NA,NA
Bacillota,Negativicutes,Veillonellales,Veillonellaceae,Megasphaera,NA
Bacteroidota,Bacteroidia,Bacteroidales,Prevotellaceae,NA,NA
Bacteroidota,Bacteroidia,Bacteroidales,Prevotellaceae,Prevotella,NA
Pseudomonadota,NA,NA,NA,NA,NA
Bacillota,Clostridia,Eubacteriales,NA,NA,NA
Bacillota,Clostridia,Eubacteriales,Lachnospiraceae,NA,NA
Bacillota,Clostridia,Eubacteriales,Lachnospiraceae,NA,NA
Bacillota,Clostridia,Eubacteriales,Lachnospiraceae,NA,NA
Bacteroidota,Bacteroidia,Bacteroidales,Prevotellaceae,NA,NA
Bacillota,Negativicutes,Veillonellales,Veillonellaceae,NA,NA
Bacillota,Clostridia,Eubacteriales,NA,NA,NA
Bacillota,Clostridia,Eubacteriales,NA,NA,NA
Bacillota,Clostridia,Eubacteriales,NA,NA,NA
Fibrobacterota,Fibrobacteria,Fibrobacterales,Fibrobacteraceae,Fibrobacter,NA
Bacillota,Clostridia,Eubacteriales,NA,NA,NA
Bacteroidota,Bacteroidia,Bacteroidales,Prevotellaceae,Prevotella,NA
Actinomycetota,Actinomycetes,NA,NA,NA,NA
Bacillota,Clostridia,Eubacteriales,NA,NA,NA
Bacteroidota,Bacteroidia,Bacteroidales,Prevotellaceae,NA,NA
Bacteroidota,Bacteroidia,Bacteroidales,Prevotellaceae,Prevotella,NA
Bacteroidota,Bacteroidia,Bacteroidales,Prevotellaceae,NA,NA
Bacillota,Clostridia,Eubacteriales,NA,NA,NA
Pseudomonadota,Alphaproteobacteria,Rhodospirillales,Rhodospirillaceae,NA,NA
Bacteroidota,Bacteroidia,Bacteroidales,Prevotellaceae,NA,NA
Bacillota,Negativicutes,Selenomonadales,NA,NA,NA
Bacillota,Clostridia,Eubacteriales,Lachnospiraceae,NA,NA
Campylobacterota,Epsilonproteobacteria,Campylobacterales,Campylobacteraceae,Campylobacter,NA
Bacteroidota,Bacteroidia,Bacteroidales,Prevotellaceae,Prevotella,NA
Bacteroidota,Bacteroidia,Bacteroidales,Prevotellaceae,Prevotella,NA
Bacillota,Clostridia,Eubacteriales,NA,NA,NA
Bacillota,Clostridia,Eubacteriales,NA,NA,NA
Bacteroidota,Bacteroidia,Bacteroidales,Prevotellaceae,NA,NA
Bacillota,Clostridia,Eubacteriales,NA,NA,NA
Bacillota,Clostridia,Eubacteriales,Lachnospiraceae,NA,NA
Bacillota,Clostridia,Eubacteriales,NA,NA,NA
Bacillota,Clostridia,Eubacteriales,NA,NA,NA
Bacillota,Clostridia,Eubacteriales,Lachnospiraceae,NA,NA
Bacteroidota,Bacteroidia,Bacteroidales,Prevotellaceae,NA,NA
Bacillota,Clostridia,Eubacteriales,NA,NA,NA
Actinomycetota,Actinomycetes,NA,NA,NA,NA
Spirochaetota,Spirochaetia,Spirochaetales,Treponemataceae,Treponema,NA
Bacillota,Clostridia,Eubacteriales,NA,NA,NA
Bacillota,Clostridia,Eubacteriales,NA,NA,NA
Bacillota,Clostridia,Eubacteriales,Eubacteriaceae,Eubacterium,NA
Lentisphaerota,NA,NA,NA,NA,NA
Bacillota,Erysipelotrichia,Erysipelotrichales,Coprobacillaceae,Sharpea,NA
Bacillota,Clostridia,Eubacteriales,NA,NA,NA
Bacillota,Clostridia,Eubacteriales,NA,NA,NA
Bacillota,Clostridia,Eubacteriales,NA,NA,NA
Pseudomonadota,Betaproteobacteria,Burkholderiales,Sutterellaceae,Sutterella,NA
NA,NA,NA,NA,NA,NA
Bacillota,Clostridia,Eubacteriales,NA,NA,NA
Pseudomonadota,Betaproteobacteria,Burkholderiales,Sutterellaceae,Sutterella,NA
Bacteroidota,Bacteroidia,Bacteroidales,Prevotellaceae,NA,NA
Bacillota,Clostridia,Eubacteriales,NA,NA,NA
Bacteroidota,Bacteroidia,Bacteroidales,Prevotellaceae,NA,NA
Fibrobacterota,Fibrobacteria,Fibrobacterales,Fibrobacteraceae,Fibrobacter,NA
Bacteroidota,Bacteroidia,Bacteroidales,Prevotellaceae,Prevotella,NA
Actinomycetota,Actinomycetes,Bifidobacteriales,Bifidobacteriaceae,Bifidobacterium,NA
Pseudomonadota,NA,NA,NA,NA,NA
Bacillota,Clostridia,Eubacteriales,NA,NA,NA
Bacillota,Clostridia,Eubacteriales,NA,NA,NA
Bacteroidota,Bacteroidia,Bacteroidales,Prevotellaceae,NA,NA
Bacteroidota,Bacteroidia,Bacteroidales,Prevotellaceae,NA,NA
Bacillota,Clostridia,Eubacteriales,Lachnospiraceae,NA,NA
Bacillota,Negativicutes,Veillonellales,Veillonellaceae,NA,NA
Bacillota,Clostridia,Eubacteriales,NA,NA,NA
Fibrobacterota,Fibrobacteria,Fibrobacterales,Fibrobacteraceae,Fibrobacter,NA
Bacillota,Clostridia,Eubacteriales,Lachnospiraceae,NA,NA
Bacteroidota,Bacteroidia,Bacteroidales,Prevotellaceae,NA,NA
Bacteroidota,Bacteroidia,Bacteroidales,Prevotellaceae,Prevotella,NA
Bacillota,Clostridia,Eubacteriales,NA,NA,NA
Mycoplasmatota,Mollicutes,Mycoplasmatales,Mycoplasmataceae,NA,NA
Bacteroidota,Bacteroidia,Bacteroidales,Prevotellaceae,Prevotella,NA
Bacteroidota,Bacteroidia,Bacteroidales,Prevotellaceae,NA,NA
Bacillota,Clostridia,Eubacteriales,Lachnospiraceae,NA,NA
Bacillota,Negativicutes,Selenomonadales,NA,NA,NA
Bacillota,Clostridia,Eubacteriales,NA,NA,NA
Bacteroidota,Bacteroidia,Bacteroidales,Prevotellaceae,NA,NA
Bacillota,Clostridia,Eubacteriales,NA,NA,NA
Bacteroidota,Bacteroidia,Bacteroidales,Prevotellaceae,Prevotella,NA
Bacillota,Clostridia,Eubacteriales,NA,NA,NA
Bacillota,Clostridia,Eubacteriales,NA,NA,NA
Bacillota,Clostridia,Eubacteriales,NA,NA,NA
Bacillota,Clostridia,Eubacteriales,NA,NA,NA
Bacillota,Clostridia,Eubacteriales,NA,NA,NA
Elusimicrobiota,Elusimicrobia,NA,NA,NA,NA
Bacillota,Clostridia,Eubacteriales,NA,NA,NA
Bacteroidota,Bacteroidia,Bacteroidales,Prevotellaceae,NA,NA
Bacillota,Clostridia,Eubacteriales,NA,NA,NA
Bacillota,Clostridia,Eubacteriales,NA,NA,NA
Pseudomonadota,Betaproteobacteria,Burkholderiales,Sutterellaceae,Sutterella,NA
Lentisphaerota,NA,NA,NA,NA,NA
Bacillota,Clostridia,Eubacteriales,NA,NA,NA
Bacillota,Clostridia,Eubacteriales,NA,NA,NA
Bacillota,Negativicutes,Selenomonadales,NA,NA,NA
Bacteroidota,Bacteroidia,Bacteroidales,Prevotellaceae,Prevotella,NA
Bacteroidota,Bacteroidia,Bacteroidales,Prevotellaceae,NA,NA
Bacillota,Clostridia,Eubacteriales,NA,NA,NA
Bacillota,Clostridia,Eubacteriales,NA,NA,NA
Bacillota,Clostridia,Eubacteriales,NA,NA,NA
Bacteroidota,Bacteroidia,Bacteroidales,Prevotellaceae,NA,NA
Bacillota,Clostridia,Eubacteriales,Lachnospiraceae,NA,NA
Bacillota,Clostridia,Eubacteriales,Lachnospiraceae,NA,NA
Actinomycetota,Actinomycetes,NA,NA,NA,NA
Bacteroidota,Bacteroidia,Bacteroidales,Prevotellaceae,NA,NA
Bacteroidota,Bacteroidia,Bacteroidales,Prevotellaceae,NA,NA
Bacillota,Clostridia,Eubacteriales,Lachnospiraceae,NA,NA
Bacillota,Clostridia,Eubacteriales,NA,NA,NA
Bacillota,Clostridia,Eubacteriales,NA,NA,NA
Bacillota,Negativicutes,NA,NA,NA,NA
Bacteroidota,Bacteroidia,Bacteroidales,Prevotellaceae,Prevotella,NA
Bacteroidota,Bacteroidia,Bacteroidales,Prevotellaceae,Prevotella,NA
Bacillota,Clostridia,Eubacteriales,NA,NA,NA
